id,insumo_medico_clave,nombre_generico_especifico,cantidad_x_envase,unidad_medida_id,funcion,created_at,updated_at,deleted_at
1,060.004.0109,NULL,500.00,1,NULL,"2018-02-01 11:48:55","2018-02-01 11:48:55",NULL
2,060.016.0154,NULL,1.00,1,NULL,"2018-02-01 11:48:55","2018-02-01 11:48:55",NULL
3,060.016.0204,NULL,1.00,1,NULL,"2018-02-01 11:48:55","2018-02-01 11:48:55",NULL
4,060.034.0103,NULL,1.00,1,NULL,"2018-02-01 11:48:55","2018-02-01 11:48:55",NULL
5,060.040.0287,NULL,1.00,1,NULL,"2018-02-01 11:48:55","2018-02-01 11:48:55",NULL
6,060.040.0543,NULL,1.00,1,NULL,"2018-02-01 11:48:55","2018-02-01 11:48:55",NULL
7,060.040.0790,NULL,1.00,1,NULL,"2018-02-01 11:48:55","2018-02-01 11:48:55",NULL
8,060.040.2028,NULL,1.00,1,NULL,"2018-02-01 11:48:55","2018-02-01 11:48:55",NULL
9,060.040.2341,NULL,1.00,1,NULL,"2018-02-01 11:48:55","2018-02-01 11:48:55",NULL
10,060.040.3711,NULL,100.00,1,NULL,"2018-02-01 11:48:55","2018-02-01 11:48:55",NULL
11,060.040.3729,NULL,100.00,1,NULL,"2018-02-01 11:48:55","2018-02-01 11:48:55",NULL
12,060.040.3745,NULL,100.00,1,NULL,"2018-02-01 11:48:55","2018-02-01 11:48:55",NULL
13,060.040.3760,NULL,100.00,1,NULL,"2018-02-01 11:48:55","2018-02-01 11:48:55",NULL
14,060.040.3786,NULL,100.00,1,NULL,"2018-02-01 11:48:55","2018-02-01 11:48:55",NULL
15,060.040.9007,NULL,1.00,1,NULL,"2018-02-01 11:48:55","2018-02-01 11:48:55",NULL
16,060.058.0153,NULL,1.00,1,NULL,"2018-02-01 11:48:55","2018-02-01 11:48:55",NULL
17,060.066.0039,NULL,1.00,1,NULL,"2018-02-01 11:48:55","2018-02-01 11:48:55",NULL
18,060.066.0054,NULL,1.00,1,NULL,"2018-02-01 11:48:55","2018-02-01 11:48:55",NULL
19,060.066.0070,NULL,1.00,1,NULL,"2018-02-01 11:48:55","2018-02-01 11:48:55",NULL
20,060.066.0658,NULL,1.00,1,NULL,"2018-02-01 11:48:55","2018-02-01 11:48:55",NULL
21,060.066.0666,NULL,1.00,1,NULL,"2018-02-01 11:48:55","2018-02-01 11:48:55",NULL
22,060.066.0773,NULL,1.00,1,NULL,"2018-02-01 11:48:55","2018-02-01 11:48:55",NULL
23,060.066.0872,NULL,12.00,69,NULL,"2018-02-01 11:48:55","2018-02-01 11:48:55",NULL
24,060.066.0880,NULL,6.00,1,NULL,"2018-02-01 11:48:55","2018-02-01 11:48:55",NULL
25,060.066.1003,NULL,1.00,1,NULL,"2018-02-01 11:48:55","2018-02-01 11:48:55",NULL
26,060.066.1011,NULL,1.00,1,NULL,"2018-02-01 11:48:55","2018-02-01 11:48:55",NULL
27,060.082.0021,NULL,1.00,1,NULL,"2018-02-01 11:48:55","2018-02-01 11:48:55",NULL
28,060.082.0054,NULL,1.00,1,NULL,"2018-02-01 11:48:55","2018-02-01 11:48:55",NULL
29,060.082.0104,NULL,1.00,1,NULL,"2018-02-01 11:48:55","2018-02-01 11:48:55",NULL
30,060.088.0017,NULL,50.00,1,NULL,"2018-02-01 11:48:55","2018-02-01 11:48:55",NULL
31,060.088.0025,NULL,50.00,1,NULL,"2018-02-01 11:48:55","2018-02-01 11:48:55",NULL
32,060.088.0058,NULL,200.00,1,NULL,"2018-02-01 11:48:55","2018-02-01 11:48:55",NULL
33,060.088.0108,NULL,150.00,1,NULL,"2018-02-01 11:48:55","2018-02-01 11:48:55",NULL
34,060.100.0011,NULL,1.00,1,NULL,"2018-02-01 11:48:55","2018-02-01 11:48:55",NULL
35,060.111.0208,NULL,1.00,1,NULL,"2018-02-01 11:48:55","2018-02-01 11:48:55",NULL
36,060.125.0038,NULL,1.00,1,NULL,"2018-02-01 11:48:55","2018-02-01 11:48:55",NULL
37,060.125.0228,NULL,1.00,1,NULL,"2018-02-01 11:48:55","2018-02-01 11:48:55",NULL
38,060.125.0236,NULL,1.00,1,NULL,"2018-02-01 11:48:55","2018-02-01 11:48:55",NULL
39,060.125.0244,NULL,1.00,1,NULL,"2018-02-01 11:48:55","2018-02-01 11:48:55",NULL
40,060.125.0582,NULL,1.00,1,NULL,"2018-02-01 11:48:55","2018-02-01 11:48:55",NULL
41,060.125.0590,NULL,1.00,1,NULL,"2018-02-01 11:48:55","2018-02-01 11:48:55",NULL
42,060.125.1879,NULL,1.00,1,NULL,"2018-02-01 11:48:55","2018-02-01 11:48:55",NULL
43,060.125.1929,NULL,250.00,1,NULL,"2018-02-01 11:48:55","2018-02-01 11:48:55",NULL
44,060.125.1945,NULL,500.00,1,NULL,"2018-02-01 11:48:55","2018-02-01 11:48:55",NULL
45,060.125.1960,NULL,1000.00,1,NULL,"2018-02-01 11:48:55","2018-02-01 11:48:55",NULL
46,060.125.2505,NULL,100.00,1,NULL,"2018-02-01 11:48:55","2018-02-01 11:48:55",NULL
47,060.125.2653,NULL,1000.00,1,NULL,"2018-02-01 11:48:55","2018-02-01 11:48:55",NULL
48,060.125.2679,NULL,1000.00,1,NULL,"2018-02-01 11:48:55","2018-02-01 11:48:55",NULL
49,060.125.2695,NULL,1000.00,1,NULL,"2018-02-01 11:48:55","2018-02-01 11:48:55",NULL
50,060.125.2711,NULL,1000.00,1,NULL,"2018-02-01 11:48:55","2018-02-01 11:48:55",NULL
51,060.125.2760,NULL,1000.00,1,NULL,"2018-02-01 11:48:55","2018-02-01 11:48:55",NULL
52,060.125.2828,NULL,1000.00,1,NULL,"2018-02-01 11:48:55","2018-02-01 11:48:55",NULL
53,060.125.2836,NULL,500.00,1,NULL,"2018-02-01 11:48:55","2018-02-01 11:48:55",NULL
54,060.125.2844,NULL,250.00,1,NULL,"2018-02-01 11:48:55","2018-02-01 11:48:55",NULL
55,060.125.2877,NULL,1000.00,1,NULL,"2018-02-01 11:48:55","2018-02-01 11:48:55",NULL
56,060.125.2901,NULL,1.00,1,NULL,"2018-02-01 11:48:55","2018-02-01 11:48:55",NULL
57,060.125.3230,NULL,100.00,1,NULL,"2018-02-01 11:48:55","2018-02-01 11:48:55",NULL
58,060.125.3602,NULL,1.00,1,NULL,"2018-02-01 11:48:55","2018-02-01 11:48:55",NULL
59,060.125.3776,NULL,1.00,1,NULL,"2018-02-01 11:48:55","2018-02-01 11:48:55",NULL
60,060.125.3778,NULL,1.00,1,NULL,"2018-02-01 11:48:55","2018-02-01 11:48:55",NULL
61,060.125.3917,NULL,1.00,1,NULL,"2018-02-01 11:48:55","2018-02-01 11:48:55",NULL
62,060.125.3925,NULL,1.00,1,NULL,"2018-02-01 11:48:55","2018-02-01 11:48:55",NULL
63,060.125.3933,NULL,1.00,1,NULL,"2018-02-01 11:48:55","2018-02-01 11:48:55",NULL
64,060.125.3982,NULL,1.00,1,NULL,"2018-02-01 11:48:55","2018-02-01 11:48:55",NULL
65,060.125.3990,NULL,1.00,1,NULL,"2018-02-01 11:48:55","2018-02-01 11:48:55",NULL
66,060.125.4006,NULL,1.00,1,NULL,"2018-02-01 11:48:55","2018-02-01 11:48:55",NULL
67,060.130.0015,NULL,25.00,1,NULL,"2018-02-01 11:48:55","2018-02-01 11:48:55",NULL
68,060.132.0054,NULL,100.00,1,NULL,"2018-02-01 11:48:55","2018-02-01 11:48:55",NULL
69,060.132.0203,NULL,100.00,1,NULL,"2018-02-01 11:48:55","2018-02-01 11:48:55",NULL
70,060.157.0104,NULL,1.00,62,NULL,"2018-02-01 11:48:55","2018-02-01 11:48:55",NULL
71,060.165.0849,NULL,1.00,1,NULL,"2018-02-01 11:48:55","2018-02-01 11:48:55",NULL
72,060.166.0103,NULL,50.00,1,NULL,"2018-02-01 11:48:55","2018-02-01 11:48:55",NULL
73,060.166.0301,NULL,1.00,1,NULL,"2018-02-01 11:48:55","2018-02-01 11:48:55",NULL
74,060.166.0640,NULL,1.00,1,NULL,"2018-02-01 11:48:55","2018-02-01 11:48:55",NULL
75,060.166.0657,NULL,1.00,1,NULL,"2018-02-01 11:48:55","2018-02-01 11:48:55",NULL
76,060.166.1903,NULL,1.00,1,NULL,"2018-02-01 11:48:55","2018-02-01 11:48:55",NULL
77,060.166.1911,NULL,1.00,1,NULL,"2018-02-01 11:48:55","2018-02-01 11:48:55",NULL
78,060.166.2141,NULL,1.00,1,NULL,"2018-02-01 11:48:55","2018-02-01 11:48:55",NULL
79,060.166.2158,NULL,1.00,1,NULL,"2018-02-01 11:48:55","2018-02-01 11:48:55",NULL
80,060.166.2836,NULL,1.00,1,NULL,"2018-02-01 11:48:55","2018-02-01 11:48:55",NULL
81,060.166.2943,NULL,1.00,1,NULL,"2018-02-01 11:48:55","2018-02-01 11:48:55",NULL
82,060.166.3008,NULL,1.00,1,NULL,"2018-02-01 11:48:55","2018-02-01 11:48:55",NULL
83,060.166.3016,NULL,1.00,1,NULL,"2018-02-01 11:48:55","2018-02-01 11:48:55",NULL
84,060.166.4212,NULL,1.00,1,NULL,"2018-02-01 11:48:55","2018-02-01 11:48:55",NULL
85,060.166.4238,NULL,1.00,1,NULL,"2018-02-01 11:48:55","2018-02-01 11:48:55",NULL
86,060.166.4253,NULL,1.00,1,NULL,"2018-02-01 11:48:55","2018-02-01 11:48:55",NULL
87,060.166.4279,NULL,1.00,1,NULL,"2018-02-01 11:48:55","2018-02-01 11:48:55",NULL
88,060.166.4287,NULL,1.00,1,NULL,"2018-02-01 11:48:55","2018-02-01 11:48:55",NULL
89,060.166.5204,NULL,1.00,1,NULL,"2018-02-01 11:48:55","2018-02-01 11:48:55",NULL
90,060.167.0458,NULL,1.00,1,NULL,"2018-02-01 11:48:55","2018-02-01 11:48:55",NULL
91,060.167.0466,NULL,1.00,1,NULL,"2018-02-01 11:48:55","2018-02-01 11:48:55",NULL
92,060.167.0482,NULL,1.00,1,NULL,"2018-02-01 11:48:55","2018-02-01 11:48:55",NULL
93,060.167.0680,NULL,1.00,1,NULL,"2018-02-01 11:48:55","2018-02-01 11:48:55",NULL
94,060.167.0789,NULL,1.00,1,NULL,"2018-02-01 11:48:55","2018-02-01 11:48:55",NULL
95,060.167.0805,NULL,1.00,1,NULL,"2018-02-01 11:48:55","2018-02-01 11:48:55",NULL
96,060.167.0821,NULL,1.00,1,NULL,"2018-02-01 11:48:55","2018-02-01 11:48:55",NULL
97,060.167.0847,NULL,1.00,1,NULL,"2018-02-01 11:48:55","2018-02-01 11:48:55",NULL
98,060.167.0862,NULL,1.00,1,NULL,"2018-02-01 11:48:55","2018-02-01 11:48:55",NULL
99,060.167.0888,NULL,1.00,1,NULL,"2018-02-01 11:48:55","2018-02-01 11:48:55",NULL
100,060.167.0904,NULL,1.00,1,NULL,"2018-02-01 11:48:55","2018-02-01 11:48:55",NULL
101,060.167.0920,NULL,1.00,1,NULL,"2018-02-01 11:48:55","2018-02-01 11:48:55",NULL
102,060.167.0946,NULL,1.00,1,NULL,"2018-02-01 11:48:55","2018-02-01 11:48:55",NULL
103,060.167.0979,NULL,1.00,1,NULL,"2018-02-01 11:48:55","2018-02-01 11:48:55",NULL
104,060.167.2884,NULL,1.00,1,NULL,"2018-02-01 11:48:55","2018-02-01 11:48:55",NULL
105,060.167.3304,NULL,1.00,1,NULL,"2018-02-01 11:48:55","2018-02-01 11:48:55",NULL
106,060.167.3312,NULL,1.00,1,NULL,"2018-02-01 11:48:55","2018-02-01 11:48:55",NULL
107,060.167.3320,NULL,1.00,1,NULL,"2018-02-01 11:48:55","2018-02-01 11:48:55",NULL
108,060.167.3346,NULL,1.00,1,NULL,"2018-02-01 11:48:55","2018-02-01 11:48:55",NULL
109,060.167.3387,NULL,1.00,1,NULL,"2018-02-01 11:48:55","2018-02-01 11:48:55",NULL
110,060.167.3403,NULL,1.00,1,NULL,"2018-02-01 11:48:55","2018-02-01 11:48:55",NULL
111,060.167.3429,NULL,1.00,1,NULL,"2018-02-01 11:48:55","2018-02-01 11:48:55",NULL
112,060.167.3437,NULL,1.00,1,NULL,"2018-02-01 11:48:55","2018-02-01 11:48:55",NULL
113,060.167.4419,NULL,1.00,1,NULL,"2018-02-01 11:48:55","2018-02-01 11:48:55",NULL
114,060.167.4922,NULL,1.00,1,NULL,"2018-02-01 11:48:55","2018-02-01 11:48:55",NULL
115,060.167.4930,NULL,1.00,1,NULL,"2018-02-01 11:48:55","2018-02-01 11:48:55",NULL
116,060.167.4948,NULL,1.00,1,NULL,"2018-02-01 11:48:55","2018-02-01 11:48:55",NULL
117,060.167.5010,NULL,1.00,1,NULL,"2018-02-01 11:48:55","2018-02-01 11:48:55",NULL
118,060.167.6638,NULL,1.00,1,NULL,"2018-02-01 11:48:55","2018-02-01 11:48:55",NULL
119,060.167.6646,NULL,1.00,1,NULL,"2018-02-01 11:48:55","2018-02-01 11:48:55",NULL
120,060.167.6661,NULL,1.00,1,NULL,"2018-02-01 11:48:55","2018-02-01 11:48:55",NULL
121,060.167.6935,NULL,1.00,1,NULL,"2018-02-01 11:48:55","2018-02-01 11:48:55",NULL
122,060.167.8089,NULL,1.00,1,NULL,"2018-02-01 11:48:55","2018-02-01 11:48:55",NULL
123,060.167.8121,NULL,1.00,1,NULL,"2018-02-01 11:48:55","2018-02-01 11:48:55",NULL
124,060.167.8139,NULL,1.00,1,NULL,"2018-02-01 11:48:55","2018-02-01 11:48:55",NULL
125,060.167.8147,NULL,1.00,1,NULL,"2018-02-01 11:48:55","2018-02-01 11:48:55",NULL
126,060.167.8154,NULL,1.00,1,NULL,"2018-02-01 11:48:55","2018-02-01 11:48:55",NULL
127,060.167.8220,NULL,1.00,1,NULL,"2018-02-01 11:48:55","2018-02-01 11:48:55",NULL
128,060.167.8238,NULL,1.00,1,NULL,"2018-02-01 11:48:55","2018-02-01 11:48:55",NULL
129,060.167.8725,NULL,1.00,1,NULL,"2018-02-01 11:48:55","2018-02-01 11:48:55",NULL
130,060.168.0077,NULL,1.00,1,NULL,"2018-02-01 11:48:55","2018-02-01 11:48:55",NULL
131,060.168.0085,NULL,1.00,1,NULL,"2018-02-01 11:48:55","2018-02-01 11:48:55",NULL
132,060.168.0440,NULL,1.00,1,NULL,"2018-02-01 11:48:55","2018-02-01 11:48:55",NULL
133,060.168.0945,NULL,1.00,1,NULL,"2018-02-01 11:48:55","2018-02-01 11:48:55",NULL
134,060.168.1356,NULL,1.00,1,NULL,"2018-02-01 11:48:55","2018-02-01 11:48:55",NULL
135,060.168.1455,NULL,1.00,1,NULL,"2018-02-01 11:48:55","2018-02-01 11:48:55",NULL
136,060.168.1752,NULL,1.00,1,NULL,"2018-02-01 11:48:55","2018-02-01 11:48:55",NULL
137,060.168.2214,NULL,1.00,1,NULL,"2018-02-01 11:48:55","2018-02-01 11:48:55",NULL
138,060.168.2446,NULL,1.00,1,NULL,"2018-02-01 11:48:55","2018-02-01 11:48:55",NULL
139,060.168.2453,NULL,1.00,1,NULL,"2018-02-01 11:48:55","2018-02-01 11:48:55",NULL
140,060.168.2495,NULL,1.00,1,NULL,"2018-02-01 11:48:55","2018-02-01 11:48:55",NULL
141,060.168.2511,NULL,1.00,1,NULL,"2018-02-01 11:48:55","2018-02-01 11:48:55",NULL
142,060.168.2529,NULL,1.00,1,NULL,"2018-02-01 11:48:55","2018-02-01 11:48:55",NULL
143,060.168.2537,NULL,1.00,1,NULL,"2018-02-01 11:48:55","2018-02-01 11:48:55",NULL
144,060.168.2552,NULL,1.00,1,NULL,"2018-02-01 11:48:55","2018-02-01 11:48:55",NULL
145,060.168.2560,NULL,1.00,1,NULL,"2018-02-01 11:48:55","2018-02-01 11:48:55",NULL
146,060.168.2578,NULL,1.00,1,NULL,"2018-02-01 11:48:55","2018-02-01 11:48:55",NULL
147,060.168.2594,NULL,1.00,1,NULL,"2018-02-01 11:48:55","2018-02-01 11:48:55",NULL
148,060.168.3311,NULL,1.00,1,NULL,"2018-02-01 11:48:55","2018-02-01 11:48:55",NULL
149,060.168.3394,NULL,1.00,1,NULL,"2018-02-01 11:48:55","2018-02-01 11:48:55",NULL
150,060.168.4186,NULL,1.00,1,NULL,"2018-02-01 11:48:55","2018-02-01 11:48:55",NULL
151,060.168.4277,NULL,1.00,1,NULL,"2018-02-01 11:48:55","2018-02-01 11:48:55",NULL
152,060.168.4418,NULL,1.00,1,NULL,"2018-02-01 11:48:55","2018-02-01 11:48:55",NULL
153,060.168.5340,NULL,1.00,1,NULL,"2018-02-01 11:48:55","2018-02-01 11:48:55",NULL
154,060.168.5365,NULL,1.00,1,NULL,"2018-02-01 11:48:55","2018-02-01 11:48:55",NULL
155,060.168.5381,NULL,1.00,1,NULL,"2018-02-01 11:48:55","2018-02-01 11:48:55",NULL
156,060.168.5399,NULL,1.00,1,NULL,"2018-02-01 11:48:55","2018-02-01 11:48:55",NULL
157,060.168.5407,NULL,1.00,1,NULL,"2018-02-01 11:48:55","2018-02-01 11:48:55",NULL
158,060.168.5456,NULL,1.00,1,NULL,"2018-02-01 11:48:55","2018-02-01 11:48:55",NULL
159,060.168.6413,NULL,1.00,1,NULL,"2018-02-01 11:48:55","2018-02-01 11:48:55",NULL
160,060.168.6439,NULL,1.00,1,NULL,"2018-02-01 11:48:55","2018-02-01 11:48:55",NULL
161,060.168.6454,NULL,1.00,1,NULL,"2018-02-01 11:48:55","2018-02-01 11:48:55",NULL
162,060.168.6512,NULL,1.00,1,NULL,"2018-02-01 11:48:55","2018-02-01 11:48:55",NULL
163,060.168.6595,NULL,1.00,1,NULL,"2018-02-01 11:48:55","2018-02-01 11:48:55",NULL
164,060.168.6603,NULL,50.00,1,NULL,"2018-02-01 11:48:55","2018-02-01 11:48:55",NULL
165,060.168.6611,NULL,1.00,1,NULL,"2018-02-01 11:48:55","2018-02-01 11:48:55",NULL
166,060.168.6629,NULL,50.00,1,NULL,"2018-02-01 11:48:55","2018-02-01 11:48:55",NULL
167,060.168.6637,NULL,1.00,1,NULL,"2018-02-01 11:48:55","2018-02-01 11:48:55",NULL
168,060.168.6645,NULL,50.00,1,NULL,"2018-02-01 11:48:55","2018-02-01 11:48:55",NULL
169,060.168.6652,NULL,1.00,1,NULL,"2018-02-01 11:48:55","2018-02-01 11:48:55",NULL
170,060.168.6660,NULL,50.00,1,NULL,"2018-02-01 11:48:55","2018-02-01 11:48:55",NULL
171,060.168.6678,NULL,1.00,1,NULL,"2018-02-01 11:48:55","2018-02-01 11:48:55",NULL
172,060.168.6686,NULL,50.00,1,NULL,"2018-02-01 11:48:55","2018-02-01 11:48:55",NULL
173,060.168.8138,NULL,1.00,1,NULL,"2018-02-01 11:48:55","2018-02-01 11:48:55",NULL
174,060.168.8146,NULL,1.00,1,NULL,"2018-02-01 11:48:55","2018-02-01 11:48:55",NULL
175,060.168.8161,NULL,1.00,1,NULL,"2018-02-01 11:48:55","2018-02-01 11:48:55",NULL
176,060.168.8211,NULL,1.00,1,NULL,"2018-02-01 11:48:55","2018-02-01 11:48:55",NULL
177,060.168.8237,NULL,1.00,1,NULL,"2018-02-01 11:48:55","2018-02-01 11:48:55",NULL
178,060.168.8245,NULL,1.00,1,NULL,"2018-02-01 11:48:55","2018-02-01 11:48:55",NULL
179,060.168.8302,NULL,1.00,1,NULL,"2018-02-01 11:48:55","2018-02-01 11:48:55",NULL
180,060.168.8310,NULL,1.00,1,NULL,"2018-02-01 11:48:55","2018-02-01 11:48:55",NULL
181,060.168.8328,NULL,1.00,1,NULL,"2018-02-01 11:48:55","2018-02-01 11:48:55",NULL
182,060.168.9243,NULL,1.00,1,NULL,"2018-02-01 11:48:55","2018-02-01 11:48:55",NULL
183,060.168.9268,NULL,1.00,1,NULL,"2018-02-01 11:48:55","2018-02-01 11:48:55",NULL
184,060.168.9375,NULL,1.00,1,NULL,"2018-02-01 11:48:55","2018-02-01 11:48:55",NULL
185,060.168.9417,NULL,1.00,1,NULL,"2018-02-01 11:48:55","2018-02-01 11:48:55",NULL
186,060.168.9425,NULL,1.00,1,NULL,"2018-02-01 11:48:55","2018-02-01 11:48:55",NULL
187,060.168.9433,NULL,1.00,1,NULL,"2018-02-01 11:48:55","2018-02-01 11:48:55",NULL
188,060.168.9441,NULL,1.00,1,NULL,"2018-02-01 11:48:55","2018-02-01 11:48:55",NULL
189,060.168.9482,NULL,1.00,1,NULL,"2018-02-01 11:48:55","2018-02-01 11:48:55",NULL
190,060.168.9599,NULL,1.00,1,NULL,"2018-02-01 11:48:55","2018-02-01 11:48:55",NULL
191,060.168.9607,NULL,1.00,1,NULL,"2018-02-01 11:48:55","2018-02-01 11:48:55",NULL
192,060.168.9615,NULL,1.00,1,NULL,"2018-02-01 11:48:55","2018-02-01 11:48:55",NULL
193,060.168.9623,NULL,1.00,1,NULL,"2018-02-01 11:48:55","2018-02-01 11:48:55",NULL
194,060.168.9631,NULL,1.00,1,NULL,"2018-02-01 11:48:55","2018-02-01 11:48:55",NULL
195,060.168.9649,NULL,1.00,1,NULL,"2018-02-01 11:48:55","2018-02-01 11:48:55",NULL
196,060.168.9656,NULL,1.00,1,NULL,"2018-02-01 11:48:55","2018-02-01 11:48:55",NULL
197,060.168.9664,NULL,1.00,1,NULL,"2018-02-01 11:48:55","2018-02-01 11:48:55",NULL
198,060.168.9672,NULL,1.00,1,NULL,"2018-02-01 11:48:55","2018-02-01 11:48:55",NULL
199,060.168.9730,NULL,1.00,1,NULL,"2018-02-01 11:48:55","2018-02-01 11:48:55",NULL
200,060.168.9748,NULL,1.00,1,NULL,"2018-02-01 11:48:55","2018-02-01 11:48:55",NULL
201,060.168.9755,NULL,1.00,1,NULL,"2018-02-01 11:48:55","2018-02-01 11:48:55",NULL
202,060.168.9763,NULL,1.00,1,NULL,"2018-02-01 11:48:55","2018-02-01 11:48:55",NULL
203,060.168.9771,NULL,1.00,1,NULL,"2018-02-01 11:48:55","2018-02-01 11:48:55",NULL
204,060.168.9789,NULL,1.00,1,NULL,"2018-02-01 11:48:55","2018-02-01 11:48:55",NULL
205,060.168.9797,NULL,1.00,1,NULL,"2018-02-01 11:48:55","2018-02-01 11:48:55",NULL
206,060.168.9805,NULL,1.00,1,NULL,"2018-02-01 11:48:55","2018-02-01 11:48:55",NULL
207,060.168.9813,NULL,1.00,1,NULL,"2018-02-01 11:48:55","2018-02-01 11:48:55",NULL
208,060.168.9821,NULL,1.00,1,NULL,"2018-02-01 11:48:55","2018-02-01 11:48:55",NULL
209,060.168.9870,NULL,1.00,1,NULL,"2018-02-01 11:48:55","2018-02-01 11:48:55",NULL
210,060.168.9896,NULL,1.00,1,NULL,"2018-02-01 11:48:55","2018-02-01 11:48:55",NULL
211,060.168.9904,NULL,1.00,1,NULL,"2018-02-01 11:48:55","2018-02-01 11:48:55",NULL
212,060.182.0178,NULL,1.00,51,NULL,"2018-02-01 11:48:55","2018-02-01 11:48:55",NULL
213,060.182.0186,NULL,1.00,61,NULL,"2018-02-01 11:48:55","2018-02-01 11:48:55",NULL
214,060.182.0194,NULL,1.00,51,NULL,"2018-02-01 11:48:55","2018-02-01 11:48:55",NULL
215,060.182.0228,NULL,1.00,51,NULL,"2018-02-01 11:48:55","2018-02-01 11:48:55",NULL
216,060.182.1440,NULL,1.00,49,NULL,"2018-02-01 11:48:55","2018-02-01 11:48:55",NULL
217,060.189.0049,NULL,1.00,1,NULL,"2018-02-01 11:48:55","2018-02-01 11:48:55",NULL
218,060.189.0056,NULL,1.00,1,NULL,"2018-02-01 11:48:55","2018-02-01 11:48:55",NULL
219,060.203.0108,NULL,1.00,1,NULL,"2018-02-01 11:48:55","2018-02-01 11:48:55",NULL
220,060.203.0207,NULL,1.00,28,NULL,"2018-02-01 11:48:55","2018-02-01 11:48:55",NULL
221,060.203.0298,NULL,1.00,28,NULL,"2018-02-01 11:48:55","2018-02-01 11:48:55",NULL
222,060.203.0306,NULL,24.00,28,NULL,"2018-02-01 11:48:55","2018-02-01 11:48:55",NULL
223,060.203.0363,NULL,6.00,28,NULL,"2018-02-01 11:48:55","2018-02-01 11:48:55",NULL
224,060.203.0397,NULL,12.00,28,NULL,"2018-02-01 11:48:55","2018-02-01 11:48:55",NULL
225,060.203.0405,NULL,4.00,28,NULL,"2018-02-01 11:48:55","2018-02-01 11:48:55",NULL
226,060.203.0439,NULL,1.00,1,NULL,"2018-02-01 11:48:55","2018-02-01 11:48:55",NULL
227,060.203.0553,NULL,12.00,1,NULL,"2018-02-01 11:48:55","2018-02-01 11:48:55",NULL
228,060.203.0561,NULL,6.00,1,NULL,"2018-02-01 11:48:55","2018-02-01 11:48:55",NULL
229,060.231.0104,NULL,6.00,1,NULL,"2018-02-01 11:48:55","2018-02-01 11:48:55",NULL
230,060.231.0583,NULL,1.00,64,NULL,"2018-02-01 11:48:55","2018-02-01 11:48:55",NULL
231,060.231.0591,NULL,1.00,64,NULL,"2018-02-01 11:48:55","2018-02-01 11:48:55",NULL
232,060.231.0609,NULL,1.00,64,NULL,"2018-02-01 11:48:55","2018-02-01 11:48:55",NULL
233,060.231.0617,NULL,1.00,1,NULL,"2018-02-01 11:48:55","2018-02-01 11:48:55",NULL
234,060.231.0625,NULL,1.00,1,NULL,"2018-02-01 11:48:55","2018-02-01 11:48:55",NULL
235,060.231.0633,NULL,1.00,1,NULL,"2018-02-01 11:48:55","2018-02-01 11:48:55",NULL
236,060.231.0641,NULL,1.00,1,NULL,"2018-02-01 11:48:55","2018-02-01 11:48:55",NULL
237,060.231.0658,NULL,1.00,1,NULL,"2018-02-01 11:48:55","2018-02-01 11:48:55",NULL
238,060.231.0666,NULL,1.00,1,NULL,"2018-02-01 11:48:55","2018-02-01 11:48:55",NULL
239,060.231.0674,NULL,1.00,1,NULL,"2018-02-01 11:48:55","2018-02-01 11:48:55",NULL
240,060.233.0011,NULL,1.00,1,NULL,"2018-02-01 11:48:55","2018-02-01 11:48:55",NULL
241,060.233.0037,NULL,1.00,1,NULL,"2018-02-01 11:48:55","2018-02-01 11:48:55",NULL
242,060.233.0052,NULL,1.00,1,NULL,"2018-02-01 11:48:55","2018-02-01 11:48:55",NULL
243,060.233.0235,NULL,1.00,1,NULL,"2018-02-01 11:48:55","2018-02-01 11:48:55",NULL
244,060.314.0054,NULL,1.00,50,NULL,"2018-02-01 11:48:55","2018-02-01 11:48:55",NULL
245,060.314.0062,NULL,1.00,50,NULL,"2018-02-01 11:48:55","2018-02-01 11:48:55",NULL
246,060.345.0115,NULL,1.00,1,NULL,"2018-02-01 11:48:55","2018-02-01 11:48:55",NULL
247,060.345.0149,NULL,1.00,50,NULL,"2018-02-01 11:48:55","2018-02-01 11:48:55",NULL
248,060.345.0305,NULL,1.00,50,NULL,"2018-02-01 11:48:55","2018-02-01 11:48:55",NULL
249,060.345.0503,NULL,1.00,50,NULL,"2018-02-01 11:48:55","2018-02-01 11:48:55",NULL
250,060.345.1360,NULL,1.00,50,NULL,"2018-02-01 11:48:55","2018-02-01 11:48:55",NULL
251,060.345.1378,NULL,1.00,50,NULL,"2018-02-01 11:48:55","2018-02-01 11:48:55",NULL
252,060.345.1386,NULL,1.00,50,NULL,"2018-02-01 11:48:55","2018-02-01 11:48:55",NULL
253,060.345.1394,NULL,1.00,50,NULL,"2018-02-01 11:48:55","2018-02-01 11:48:55",NULL
254,060.345.1865,NULL,1.00,50,NULL,"2018-02-01 11:48:55","2018-02-01 11:48:55",NULL
255,060.345.1873,NULL,1.00,50,NULL,"2018-02-01 11:48:55","2018-02-01 11:48:55",NULL
256,060.345.2012,NULL,1.00,1,NULL,"2018-02-01 11:48:55","2018-02-01 11:48:55",NULL
257,060.345.2152,NULL,1.00,50,NULL,"2018-02-01 11:48:55","2018-02-01 11:48:55",NULL
258,060.345.2186,NULL,1.00,1,NULL,"2018-02-01 11:48:55","2018-02-01 11:48:55",NULL
259,060.345.2194,NULL,1.00,1,NULL,"2018-02-01 11:48:55","2018-02-01 11:48:55",NULL
260,060.345.2202,NULL,1.00,1,NULL,"2018-02-01 11:48:55","2018-02-01 11:48:55",NULL
261,060.345.2210,NULL,1.00,1,NULL,"2018-02-01 11:48:55","2018-02-01 11:48:55",NULL
262,060.345.2228,NULL,1.00,1,NULL,"2018-02-01 11:48:55","2018-02-01 11:48:55",NULL
263,060.345.3085,NULL,1.00,1,NULL,"2018-02-01 11:48:55","2018-02-01 11:48:55",NULL
264,060.345.3119,NULL,1.00,50,NULL,"2018-02-01 11:48:55","2018-02-01 11:48:55",NULL
265,060.345.3127,NULL,1.00,50,NULL,"2018-02-01 11:48:55","2018-02-01 11:48:55",NULL
266,060.345.3135,NULL,1.00,50,NULL,"2018-02-01 11:48:55","2018-02-01 11:48:55",NULL
267,060.345.3143,NULL,1.00,50,NULL,"2018-02-01 11:48:55","2018-02-01 11:48:55",NULL
268,060.345.4067,NULL,1.00,50,NULL,"2018-02-01 11:48:55","2018-02-01 11:48:55",NULL
269,060.345.4257,NULL,1.00,1,NULL,"2018-02-01 11:48:55","2018-02-01 11:48:55",NULL
270,060.345.4265,NULL,1.00,1,NULL,"2018-02-01 11:48:55","2018-02-01 11:48:55",NULL
271,060.354.0014,NULL,500.00,1,NULL,"2018-02-01 11:48:55","2018-02-01 11:48:55",NULL
272,060.360.0032,NULL,1.00,1,NULL,"2018-02-01 11:48:55","2018-02-01 11:48:55",NULL
273,060.436.0057,NULL,200.00,1,NULL,"2018-02-01 11:48:55","2018-02-01 11:48:55",NULL
274,060.436.0107,NULL,200.00,1,NULL,"2018-02-01 11:48:55","2018-02-01 11:48:55",NULL
275,060.436.0206,NULL,1.00,28,NULL,"2018-02-01 11:48:55","2018-02-01 11:48:55",NULL
276,060.436.0552,NULL,200.00,1,NULL,"2018-02-01 11:48:55","2018-02-01 11:48:55",NULL
277,060.436.0677,NULL,200.00,1,NULL,"2018-02-01 11:48:55","2018-02-01 11:48:55",NULL
278,060.439.0039,NULL,100.00,1,NULL,"2018-02-01 11:48:55","2018-02-01 11:48:55",NULL
279,060.439.0054,NULL,100.00,1,NULL,"2018-02-01 11:48:55","2018-02-01 11:48:55",NULL
280,060.440.0010,NULL,1.00,1,NULL,"2018-02-01 11:48:55","2018-02-01 11:48:55",NULL
281,060.456.0037,NULL,100.00,1,NULL,"2018-02-01 11:48:55","2018-02-01 11:48:55",NULL
282,060.456.0045,NULL,100.00,1,NULL,"2018-02-01 11:48:55","2018-02-01 11:48:55",NULL
283,060.456.0300,NULL,1.00,65,NULL,"2018-02-01 11:48:55","2018-02-01 11:48:55",NULL
284,060.456.0318,NULL,1.00,65,NULL,"2018-02-01 11:48:55","2018-02-01 11:48:55",NULL
285,060.456.0334,NULL,1.00,65,NULL,"2018-02-01 11:48:55","2018-02-01 11:48:55",NULL
286,060.456.0359,NULL,1.00,65,NULL,"2018-02-01 11:48:55","2018-02-01 11:48:55",NULL
287,060.456.0367,NULL,1.00,65,NULL,"2018-02-01 11:48:55","2018-02-01 11:48:55",NULL
288,060.456.0383,NULL,100.00,1,NULL,"2018-02-01 11:48:55","2018-02-01 11:48:55",NULL
289,060.456.0391,NULL,100.00,1,NULL,"2018-02-01 11:48:55","2018-02-01 11:48:55",NULL
290,060.456.0409,NULL,100.00,1,NULL,"2018-02-01 11:48:55","2018-02-01 11:48:55",NULL
291,060.456.0623,NULL,1.00,65,NULL,"2018-02-01 11:48:55","2018-02-01 11:48:55",NULL
292,060.456.0631,NULL,1.00,65,NULL,"2018-02-01 11:48:55","2018-02-01 11:48:55",NULL
293,060.456.0649,NULL,1.00,65,NULL,"2018-02-01 11:48:55","2018-02-01 11:48:55",NULL
294,060.461.0147,NULL,24.00,1,NULL,"2018-02-01 11:48:55","2018-02-01 11:48:55",NULL
295,060.461.0154,NULL,24.00,1,NULL,"2018-02-01 11:48:55","2018-02-01 11:48:55",NULL
296,060.461.0162,NULL,24.00,1,NULL,"2018-02-01 11:48:55","2018-02-01 11:48:55",NULL
297,060.461.0188,NULL,24.00,1,NULL,"2018-02-01 11:48:55","2018-02-01 11:48:55",NULL
298,060.470.0112,NULL,1.00,1,NULL,"2018-02-01 11:48:55","2018-02-01 11:48:55",NULL
299,060.483.0091,NULL,100.00,1,NULL,"2018-02-01 11:48:55","2018-02-01 11:48:55",NULL
300,060.483.0117,NULL,100.00,1,NULL,"2018-02-01 11:48:55","2018-02-01 11:48:55",NULL
301,060.483.0125,NULL,100.00,1,NULL,"2018-02-01 11:48:55","2018-02-01 11:48:55",NULL
302,060.483.0133,NULL,100.00,1,NULL,"2018-02-01 11:48:55","2018-02-01 11:48:55",NULL
303,060.483.0141,NULL,100.00,1,NULL,"2018-02-01 11:48:55","2018-02-01 11:48:55",NULL
304,060.483.0158,NULL,100.00,1,NULL,"2018-02-01 11:48:55","2018-02-01 11:48:55",NULL
305,060.483.0174,NULL,100.00,1,NULL,"2018-02-01 11:48:55","2018-02-01 11:48:55",NULL
306,060.491.0018,NULL,15.00,58,NULL,"2018-02-01 11:48:55","2018-02-01 11:48:55",NULL
307,060.532.0084,NULL,1.00,50,NULL,"2018-02-01 11:48:55","2018-02-01 11:48:55",NULL
308,060.532.0167,NULL,1.00,50,NULL,"2018-02-01 11:48:55","2018-02-01 11:48:55",NULL
309,060.532.0175,NULL,1.00,50,NULL,"2018-02-01 11:48:55","2018-02-01 11:48:55",NULL
310,060.550.0016,NULL,1.00,1,NULL,"2018-02-01 11:48:55","2018-02-01 11:48:55",NULL
311,060.550.0024,NULL,1.00,1,NULL,"2018-02-01 11:48:55","2018-02-01 11:48:55",NULL
312,060.550.0222,NULL,100.00,1,NULL,"2018-02-01 11:48:55","2018-02-01 11:48:55",NULL
313,060.550.0354,NULL,1.00,1,NULL,"2018-02-01 11:48:55","2018-02-01 11:48:55",NULL
314,060.550.0370,NULL,1.00,1,NULL,"2018-02-01 11:48:55","2018-02-01 11:48:55",NULL
315,060.550.0404,NULL,1.00,1,NULL,"2018-02-01 11:48:55","2018-02-01 11:48:55",NULL
316,060.550.0438,NULL,100.00,1,NULL,"2018-02-01 11:48:55","2018-02-01 11:48:55",NULL
317,060.550.0446,NULL,100.00,1,NULL,"2018-02-01 11:48:55","2018-02-01 11:48:55",NULL
318,060.550.0453,NULL,50.00,1,NULL,"2018-02-01 11:48:55","2018-02-01 11:48:55",NULL
319,060.550.0677,NULL,1.00,1,NULL,"2018-02-01 11:48:55","2018-02-01 11:48:55",NULL
320,060.550.0685,NULL,100.00,1,NULL,"2018-02-01 11:48:55","2018-02-01 11:48:55",NULL
321,060.550.0735,NULL,1.00,1,NULL,"2018-02-01 11:48:55","2018-02-01 11:48:55",NULL
322,060.550.0784,NULL,1.00,1,NULL,"2018-02-01 11:48:55","2018-02-01 11:48:55",NULL
323,060.550.0800,NULL,1.00,1,NULL,"2018-02-01 11:48:55","2018-02-01 11:48:55",NULL
324,060.550.0826,NULL,1.00,1,NULL,"2018-02-01 11:48:55","2018-02-01 11:48:55",NULL
325,060.550.0891,NULL,1.00,1,NULL,"2018-02-01 11:48:55","2018-02-01 11:48:55",NULL
326,060.550.0909,NULL,1.00,1,NULL,"2018-02-01 11:48:55","2018-02-01 11:48:55",NULL
327,060.550.1279,NULL,1.00,1,NULL,"2018-02-01 11:48:55","2018-02-01 11:48:55",NULL
328,060.550.2186,NULL,200.00,60,NULL,"2018-02-01 11:48:55","2018-02-01 11:48:55",NULL
329,060.550.2517,NULL,1.00,1,NULL,"2018-02-01 11:48:55","2018-02-01 11:48:55",NULL
330,060.550.2590,NULL,1.00,1,NULL,"2018-02-01 11:48:55","2018-02-01 11:48:55",NULL
331,060.550.2608,NULL,1.00,1,NULL,"2018-02-01 11:48:55","2018-02-01 11:48:55",NULL
332,060.551.2078,NULL,1.00,1,NULL,"2018-02-01 11:48:55","2018-02-01 11:48:55",NULL
333,060.596.0111,NULL,1.00,49,NULL,"2018-02-01 11:48:55","2018-02-01 11:48:55",NULL
334,060.598.0036,NULL,1.00,1,NULL,"2018-02-01 11:48:55","2018-02-01 11:48:55",NULL
335,060.603.0013,NULL,1.00,1,NULL,"2018-02-01 11:48:55","2018-02-01 11:48:55",NULL
336,060.604.0087,NULL,1.00,1,NULL,"2018-02-01 11:48:55","2018-02-01 11:48:55",NULL
337,060.604.0145,NULL,1.00,1,NULL,"2018-02-01 11:48:55","2018-02-01 11:48:55",NULL
338,060.604.0160,NULL,1.00,1,NULL,"2018-02-01 11:48:55","2018-02-01 11:48:55",NULL
339,060.604.0418,NULL,1.00,1,NULL,"2018-02-01 11:48:55","2018-02-01 11:48:55",NULL
340,060.604.0426,NULL,1.00,1,NULL,"2018-02-01 11:48:55","2018-02-01 11:48:55",NULL
341,060.604.0434,NULL,1.00,1,NULL,"2018-02-01 11:48:55","2018-02-01 11:48:55",NULL
342,060.604.0442,NULL,1.00,1,NULL,"2018-02-01 11:48:55","2018-02-01 11:48:55",NULL
343,060.604.0467,NULL,1.00,1,NULL,"2018-02-01 11:48:55","2018-02-01 11:48:55",NULL
344,060.604.0475,NULL,1.00,1,NULL,"2018-02-01 11:48:55","2018-02-01 11:48:55",NULL
345,060.604.0483,NULL,1.00,1,NULL,"2018-02-01 11:48:55","2018-02-01 11:48:55",NULL
346,060.604.0491,NULL,1.00,1,NULL,"2018-02-01 11:48:55","2018-02-01 11:48:55",NULL
347,060.621.0078,NULL,1.00,1,NULL,"2018-02-01 11:48:55","2018-02-01 11:48:55",NULL
348,060.621.0094,NULL,1.00,1,NULL,"2018-02-01 11:48:55","2018-02-01 11:48:55",NULL
349,060.621.0169,NULL,1.00,1,NULL,"2018-02-01 11:48:55","2018-02-01 11:48:55",NULL
350,060.621.0177,NULL,1.00,1,NULL,"2018-02-01 11:48:55","2018-02-01 11:48:55",NULL
351,060.621.0185,NULL,1.00,1,NULL,"2018-02-01 11:48:55","2018-02-01 11:48:55",NULL
352,060.621.0193,NULL,1.00,1,NULL,"2018-02-01 11:48:55","2018-02-01 11:48:55",NULL
353,060.621.0201,NULL,1.00,1,NULL,"2018-02-01 11:48:55","2018-02-01 11:48:55",NULL
354,060.621.0524,NULL,150.00,1,NULL,"2018-02-01 11:48:55","2018-02-01 11:48:55",NULL
355,060.621.0656,NULL,1.00,1,NULL,"2018-02-01 11:48:55","2018-02-01 11:48:55",NULL
356,060.623.0019,NULL,1.00,1,NULL,"2018-02-01 11:48:55","2018-02-01 11:48:55",NULL
357,060.623.0852,NULL,1.00,1,NULL,"2018-02-01 11:48:55","2018-02-01 11:48:55",NULL
358,060.630.0028,NULL,1.00,1,NULL,"2018-02-01 11:48:55","2018-02-01 11:48:55",NULL
359,060.681.0034,NULL,20.00,1,NULL,"2018-02-01 11:48:55","2018-02-01 11:48:55",NULL
360,060.681.0042,NULL,20.00,1,NULL,"2018-02-01 11:48:55","2018-02-01 11:48:55",NULL
361,060.681.0059,NULL,20.00,1,NULL,"2018-02-01 11:48:55","2018-02-01 11:48:55",NULL
362,060.681.0067,NULL,10.00,1,NULL,"2018-02-01 11:48:55","2018-02-01 11:48:55",NULL
363,060.685.0899,NULL,1.00,1,NULL,"2018-02-01 11:48:55","2018-02-01 11:48:55",NULL
364,060.685.0915,NULL,250.00,58,NULL,"2018-02-01 11:48:55","2018-02-01 11:48:55",NULL
365,060.697.0267,NULL,1.00,1,NULL,"2018-02-01 11:48:55","2018-02-01 11:48:55",NULL
366,060.701.0360,NULL,1.00,1,NULL,"2018-02-01 11:48:55","2018-02-01 11:48:55",NULL
367,060.701.0378,NULL,1.00,1,NULL,"2018-02-01 11:48:55","2018-02-01 11:48:55",NULL
368,060.740.0025,NULL,1.00,42,NULL,"2018-02-01 11:48:55","2018-02-01 11:48:55",NULL
369,060.753.0052,NULL,200.00,1,NULL,"2018-02-01 11:48:55","2018-02-01 11:48:55",NULL
370,060.771.0050,NULL,1.00,1,NULL,"2018-02-01 11:48:55","2018-02-01 11:48:55",NULL
371,060.771.0068,NULL,1.00,1,NULL,"2018-02-01 11:48:55","2018-02-01 11:48:55",NULL
372,060.800.0014,NULL,1.00,1,NULL,"2018-02-01 11:48:55","2018-02-01 11:48:55",NULL
373,060.819.0021,NULL,1.00,1,NULL,"2018-02-01 11:48:55","2018-02-01 11:48:55",NULL
374,060.833.0189,NULL,1.00,52,NULL,"2018-02-01 11:48:55","2018-02-01 11:48:55",NULL
375,060.833.0197,NULL,1.00,1,NULL,"2018-02-01 11:48:55","2018-02-01 11:48:55",NULL
376,060.833.0346,NULL,1.00,49,NULL,"2018-02-01 11:48:55","2018-02-01 11:48:55",NULL
377,060.833.0353,NULL,1.00,1,NULL,"2018-02-01 11:48:55","2018-02-01 11:48:55",NULL
378,060.837.0011,NULL,1.00,1,NULL,"2018-02-01 11:48:55","2018-02-01 11:48:55",NULL
379,060.841.0031,NULL,12.00,1,NULL,"2018-02-01 11:48:55","2018-02-01 11:48:55",NULL
380,060.841.0197,NULL,12.00,1,NULL,"2018-02-01 11:48:55","2018-02-01 11:48:55",NULL
381,060.841.0205,NULL,12.00,1,NULL,"2018-02-01 11:48:55","2018-02-01 11:48:55",NULL
382,060.841.0221,NULL,12.00,1,NULL,"2018-02-01 11:48:55","2018-02-01 11:48:55",NULL
383,060.841.0395,NULL,12.00,1,NULL,"2018-02-01 11:48:55","2018-02-01 11:48:55",NULL
384,060.841.0445,NULL,12.00,1,NULL,"2018-02-01 11:48:55","2018-02-01 11:48:55",NULL
385,060.841.0460,NULL,12.00,1,NULL,"2018-02-01 11:48:55","2018-02-01 11:48:55",NULL
386,060.841.0478,NULL,12.00,1,NULL,"2018-02-01 11:48:55","2018-02-01 11:48:55",NULL
387,060.841.0486,NULL,12.00,1,NULL,"2018-02-01 11:48:55","2018-02-01 11:48:55",NULL
388,060.841.0536,NULL,12.00,1,NULL,"2018-02-01 11:48:55","2018-02-01 11:48:55",NULL
389,060.841.0551,NULL,12.00,1,NULL,"2018-02-01 11:48:55","2018-02-01 11:48:55",NULL
390,060.841.0569,NULL,12.00,1,NULL,"2018-02-01 11:48:55","2018-02-01 11:48:55",NULL
391,060.841.0619,NULL,12.00,1,NULL,"2018-02-01 11:48:55","2018-02-01 11:48:55",NULL
392,060.841.0627,NULL,12.00,1,NULL,"2018-02-01 11:48:55","2018-02-01 11:48:55",NULL
393,060.841.0643,NULL,12.00,69,NULL,"2018-02-01 11:48:55","2018-02-01 11:48:55",NULL
394,060.841.0742,NULL,12.00,69,NULL,"2018-02-01 11:48:55","2018-02-01 11:48:55",NULL
395,060.841.0767,NULL,12.00,57,NULL,"2018-02-01 11:48:55","2018-02-01 11:48:55",NULL
396,060.841.0775,NULL,12.00,69,NULL,"2018-02-01 11:48:55","2018-02-01 11:48:55",NULL
397,060.841.0833,NULL,12.00,1,NULL,"2018-02-01 11:48:55","2018-02-01 11:48:55",NULL
398,060.841.0858,NULL,12.00,1,NULL,"2018-02-01 11:48:55","2018-02-01 11:48:55",NULL
399,060.841.0866,NULL,12.00,1,NULL,"2018-02-01 11:48:55","2018-02-01 11:48:55",NULL
400,060.841.0882,NULL,12.00,1,NULL,"2018-02-01 11:48:55","2018-02-01 11:48:55",NULL
401,060.841.0890,NULL,12.00,1,NULL,"2018-02-01 11:48:55","2018-02-01 11:48:55",NULL
402,060.841.0916,NULL,12.00,1,NULL,"2018-02-01 11:48:55","2018-02-01 11:48:55",NULL
403,060.841.0924,NULL,12.00,1,NULL,"2018-02-01 11:48:55","2018-02-01 11:48:55",NULL
404,060.841.0973,NULL,12.00,1,NULL,"2018-02-01 11:48:55","2018-02-01 11:48:55",NULL
405,060.841.1393,NULL,12.00,1,NULL,"2018-02-01 11:48:55","2018-02-01 11:48:55",NULL
406,060.841.1948,NULL,12.00,69,NULL,"2018-02-01 11:48:55","2018-02-01 11:48:55",NULL
407,060.841.1955,NULL,12.00,1,NULL,"2018-02-01 11:48:55","2018-02-01 11:48:55",NULL
408,060.841.2268,NULL,12.00,1,NULL,"2018-02-01 11:48:55","2018-02-01 11:48:55",NULL
409,060.841.2565,NULL,12.00,1,NULL,"2018-02-01 11:48:55","2018-02-01 11:48:55",NULL
410,060.841.2623,NULL,12.00,1,NULL,"2018-02-01 11:48:55","2018-02-01 11:48:55",NULL
411,060.841.3282,NULL,12.00,1,NULL,"2018-02-01 11:48:55","2018-02-01 11:48:55",NULL
412,060.841.3894,NULL,12.00,1,NULL,"2018-02-01 11:48:55","2018-02-01 11:48:55",NULL
413,060.841.4231,NULL,12.00,1,NULL,"2018-02-01 11:48:55","2018-02-01 11:48:55",NULL
414,060.841.4249,NULL,12.00,1,NULL,"2018-02-01 11:48:55","2018-02-01 11:48:55",NULL
415,060.841.4264,NULL,12.00,1,NULL,"2018-02-01 11:48:55","2018-02-01 11:48:55",NULL
416,060.841.4371,NULL,12.00,1,NULL,"2018-02-01 11:48:55","2018-02-01 11:48:55",NULL
417,060.841.4447,NULL,12.00,1,NULL,"2018-02-01 11:48:55","2018-02-01 11:48:55",NULL
418,060.841.4462,NULL,12.00,1,NULL,"2018-02-01 11:48:55","2018-02-01 11:48:55",NULL
419,060.841.4470,NULL,12.00,1,NULL,"2018-02-01 11:48:55","2018-02-01 11:48:55",NULL
420,060.841.7317,NULL,12.00,1,NULL,"2018-02-01 11:48:55","2018-02-01 11:48:55",NULL
421,060.859.0097,NULL,1.00,1,NULL,"2018-02-01 11:48:55","2018-02-01 11:48:55",NULL
422,060.859.0501,NULL,1.00,1,NULL,"2018-02-01 11:48:55","2018-02-01 11:48:55",NULL
423,060.859.0519,NULL,1.00,1,NULL,"2018-02-01 11:48:55","2018-02-01 11:48:55",NULL
424,060.859.0550,NULL,1.00,1,NULL,"2018-02-01 11:48:55","2018-02-01 11:48:55",NULL
425,060.869.0103,NULL,24.00,1,NULL,"2018-02-01 11:48:55","2018-02-01 11:48:55",NULL
426,060.869.0152,NULL,12.00,1,NULL,"2018-02-01 11:48:55","2018-02-01 11:48:55",NULL
427,060.869.0202,NULL,6.00,1,NULL,"2018-02-01 11:48:55","2018-02-01 11:48:55",NULL
428,060.869.0251,NULL,4.00,1,NULL,"2018-02-01 11:48:55","2018-02-01 11:48:55",NULL
429,060.879.0143,NULL,1.00,1,NULL,"2018-02-01 11:48:55","2018-02-01 11:48:55",NULL
430,060.879.0150,NULL,1.00,1,NULL,"2018-02-01 11:48:55","2018-02-01 11:48:55",NULL
431,060.889.0208,NULL,150.00,1,NULL,"2018-02-01 11:48:55","2018-02-01 11:48:55",NULL
432,060.894.0052,NULL,100.00,1,NULL,"2018-02-01 11:48:55","2018-02-01 11:48:55",NULL
433,060.904.0100,NULL,1.00,1,NULL,"2018-02-01 11:48:55","2018-02-01 11:48:55",NULL
434,060.908.0015,NULL,1.00,1,NULL,"2018-02-01 11:48:55","2018-02-01 11:48:55",NULL
435,060.908.0114,NULL,1.00,1,NULL,"2018-02-01 11:48:55","2018-02-01 11:48:55",NULL
436,060.908.0122,NULL,1.00,1,NULL,"2018-02-01 11:48:55","2018-02-01 11:48:55",NULL
437,060.908.0130,NULL,1.00,1,NULL,"2018-02-01 11:48:55","2018-02-01 11:48:55",NULL
438,060.908.0890,NULL,1.00,1,NULL,"2018-02-01 11:48:55","2018-02-01 11:48:55",NULL
439,060.908.0924,NULL,10.00,8,NULL,"2018-02-01 11:48:55","2018-02-01 11:48:55",NULL
440,060.932.2649,NULL,1.00,1,NULL,"2018-02-01 11:48:55","2018-02-01 11:48:55",NULL
441,060.932.2797,NULL,1.00,1,NULL,"2018-02-01 11:48:55","2018-02-01 11:48:55",NULL
442,060.932.6681,NULL,1.00,1,NULL,"2018-02-01 11:48:55","2018-02-01 11:48:55",NULL
443,060.939.0059,NULL,1.00,1,NULL,"2018-02-01 11:48:55","2018-02-01 11:48:55",NULL
444,060.953.0209,NULL,1.00,1,NULL,"2018-02-01 11:48:55","2018-02-01 11:48:55",NULL
445,060.953.0282,NULL,1.00,1,NULL,"2018-02-01 11:48:55","2018-02-01 11:48:55",NULL
446,060.953.0456,NULL,12.00,1,NULL,"2018-02-01 11:48:55","2018-02-01 11:48:55",NULL
447,060.953.0555,NULL,12.00,1,NULL,"2018-02-01 11:48:55","2018-02-01 11:48:55",NULL
448,060.953.0571,NULL,12.00,1,NULL,"2018-02-01 11:48:55","2018-02-01 11:48:55",NULL
449,060.953.0597,NULL,12.00,1,NULL,"2018-02-01 11:48:55","2018-02-01 11:48:55",NULL
450,060.953.0753,NULL,1.00,1,NULL,"2018-02-01 11:48:55","2018-02-01 11:48:55",NULL
451,060.953.0761,NULL,1.00,1,NULL,"2018-02-01 11:48:55","2018-02-01 11:48:55",NULL
452,060.953.0779,NULL,1.00,1,NULL,"2018-02-01 11:48:55","2018-02-01 11:48:55",NULL
453,060.953.0787,NULL,1.00,1,NULL,"2018-02-01 11:48:55","2018-02-01 11:48:55",NULL
454,060.953.0795,NULL,1.00,1,NULL,"2018-02-01 11:48:55","2018-02-01 11:48:55",NULL
455,060.953.2825,NULL,1.00,1,NULL,"2018-02-01 11:48:55","2018-02-01 11:48:55",NULL
456,060.953.2858,NULL,12.00,1,NULL,"2018-02-01 11:48:55","2018-02-01 11:48:55",NULL
457,060.953.2866,NULL,12.00,1,NULL,"2018-02-01 11:48:55","2018-02-01 11:48:55",NULL
458,060.953.2874,NULL,12.00,1,NULL,"2018-02-01 11:48:55","2018-02-01 11:48:55",NULL
459,070.426.0017,NULL,1.00,1,NULL,"2018-02-01 11:48:55","2018-02-01 11:48:55",NULL
460,070.581.0109,NULL,1.00,1,NULL,"2018-02-01 11:48:55","2018-02-01 11:48:55",NULL
461,070.581.0117,NULL,1.00,1,NULL,"2018-02-01 11:48:55","2018-02-01 11:48:55",NULL
462,070.581.0125,NULL,1.00,1,NULL,"2018-02-01 11:48:55","2018-02-01 11:48:55",NULL
463,"070.591. 0040",NULL,1.00,1,NULL,"2018-02-01 11:48:55","2018-02-01 11:48:55",NULL
464,070.707.0058,NULL,100.00,1,NULL,"2018-02-01 11:48:55","2018-02-01 11:48:55",NULL
465,070.707.0108,NULL,100.00,1,NULL,"2018-02-01 11:48:55","2018-02-01 11:48:55",NULL
466,070.707.0132,NULL,100.00,1,NULL,"2018-02-01 11:48:55","2018-02-01 11:48:55",NULL
467,070.707.0140,NULL,100.00,1,NULL,"2018-02-01 11:48:55","2018-02-01 11:48:55",NULL
468,070.707.0157,NULL,100.00,1,NULL,"2018-02-01 11:48:55","2018-02-01 11:48:55",NULL
469,070.707.0173,NULL,100.00,1,NULL,"2018-02-01 11:48:55","2018-02-01 11:48:55",NULL
470,070.707.0207,NULL,100.00,1,NULL,"2018-02-01 11:48:55","2018-02-01 11:48:55",NULL
471,070.707.0355,NULL,100.00,1,NULL,"2018-02-01 11:48:55","2018-02-01 11:48:55",NULL
472,070.817.0543,NULL,1.00,1,NULL,"2018-02-01 11:48:55","2018-02-01 11:48:55",NULL
473,080.729.0010,NULL,50.00,1,NULL,"2018-02-01 11:48:55","2018-02-01 11:48:55",NULL
474,080.855.0164,NULL,1.00,1,NULL,"2018-02-01 11:48:55","2018-02-01 11:48:55",NULL
475,080.889.2533,NULL,50.00,72,NULL,"2018-02-01 11:48:55","2018-02-01 11:48:55",NULL
476,080.909.0129,NULL,1.00,73,NULL,"2018-02-01 11:48:55","2018-02-01 11:48:55",NULL
477,130.258.0608,NULL,1.00,1,NULL,"2018-02-01 11:48:55","2018-02-01 11:48:55",NULL
478,130.258.0616,NULL,1.00,1,NULL,"2018-02-01 11:48:55","2018-02-01 11:48:55",NULL
479,130.258.0624,NULL,1.00,1,NULL,"2018-02-01 11:48:55","2018-02-01 11:48:55",NULL
480,130.258.0632,NULL,1.00,1,NULL,"2018-02-01 11:48:55","2018-02-01 11:48:55",NULL
481,531.784.0204,NULL,1.00,50,NULL,"2018-02-01 11:48:55","2018-02-01 11:48:55",NULL
482,60.543.0115,NULL,1.00,73,NULL,"2018-02-01 11:48:55","2018-02-01 11:48:55",NULL
483,SC-0000001,NULL,12.00,69,NULL,"2018-02-01 11:48:55","2018-02-01 11:48:55",NULL
484,SC-0000002,NULL,12.00,1,NULL,"2018-02-01 11:48:55","2018-02-01 11:48:55",NULL
485,SC-0000003,NULL,12.00,1,NULL,"2018-02-01 11:48:55","2018-02-01 11:48:55",NULL
486,SC-0000004,NULL,12.00,1,NULL,"2018-02-01 11:48:55","2018-02-01 11:48:55",NULL
487,SC-0000005,NULL,12.00,1,NULL,"2018-02-01 11:48:55","2018-02-01 11:48:55",NULL
488,SC-0000006,NULL,12.00,1,NULL,"2018-02-01 11:48:55","2018-02-01 11:48:55",NULL
489,SC-0000007,NULL,12.00,1,NULL,"2018-02-01 11:48:55","2018-02-01 11:48:55",NULL
490,SC-0000008,NULL,1.00,50,NULL,"2018-02-01 11:48:55","2018-02-01 11:48:55",NULL
491,SC-0000009,NULL,80.00,1,NULL,"2018-02-01 11:48:55","2018-02-01 11:48:55",NULL
492,SC-0000010,NULL,20.00,1,NULL,"2018-02-01 11:48:55","2018-02-01 11:48:55",NULL
493,SC-0000011,NULL,20.00,1,NULL,"2018-02-01 11:48:55","2018-02-01 11:48:55",NULL
494,SC-0000012,NULL,1.00,1,NULL,"2018-02-01 11:48:55","2018-02-01 11:48:55",NULL
495,SC-0000013,NULL,1.00,1,NULL,"2018-02-01 11:48:55","2018-02-01 11:48:55",NULL
496,SC-0000014,NULL,100.00,1,NULL,"2018-02-01 11:48:55","2018-02-01 11:48:55",NULL
497,SC-0000015,NULL,100.00,1,NULL,"2018-02-01 11:48:55","2018-02-01 11:48:55",NULL
498,SC-0000016,NULL,100.00,1,NULL,"2018-02-01 11:48:55","2018-02-01 11:48:55",NULL
499,SC-0000017,NULL,100.00,1,NULL,"2018-02-01 11:48:55","2018-02-01 11:48:55",NULL
500,SC-0000018,NULL,1.00,28,NULL,"2018-02-01 11:48:55","2018-02-01 11:48:55",NULL
501,SC-0000019,NULL,1.00,28,NULL,"2018-02-01 11:48:55","2018-02-01 11:48:55",NULL
502,SC-0000020,NULL,1.00,1,NULL,"2018-02-01 11:48:55","2018-02-01 11:48:55",NULL
503,SC-0000021,NULL,1.00,1,NULL,"2018-02-01 11:48:55","2018-02-01 11:48:55",NULL
504,SC-0000022,NULL,1.00,1,NULL,"2018-02-01 11:48:55","2018-02-01 11:48:55",NULL
505,SC-0000023,NULL,1.00,1,NULL,"2018-02-01 11:48:55","2018-02-01 11:48:55",NULL
506,SC-0000024,NULL,1.00,1,NULL,"2018-02-01 11:48:55","2018-02-01 11:48:55",NULL
507,SC-0000025,NULL,1.00,1,NULL,"2018-02-01 11:48:55","2018-02-01 11:48:55",NULL
508,SC-0000026,NULL,1.00,1,NULL,"2018-02-01 11:48:55","2018-02-01 11:48:55",NULL
509,SC-0000027,NULL,1.00,1,NULL,"2018-02-01 11:48:55","2018-02-01 11:48:55",NULL
510,SC-0000028,NULL,1.00,1,NULL,"2018-02-01 11:48:55","2018-02-01 11:48:55",NULL
511,SC-0000029,NULL,50.00,1,NULL,"2018-02-01 11:48:55","2018-02-01 11:48:55",NULL
512,SC-0000030,NULL,100.00,1,NULL,"2018-02-01 11:48:55","2018-02-01 11:48:55",NULL
513,SC-0000031,NULL,1.00,1,NULL,"2018-02-01 11:48:55","2018-02-01 11:48:55",NULL
514,SC-0000032,NULL,1.00,1,NULL,"2018-02-01 11:48:55","2018-02-01 11:48:55",NULL
515,SC-0000034,NULL,1.00,1,NULL,"2018-02-01 11:48:55","2018-02-01 11:48:55",NULL
516,SC-0000035,NULL,1.00,1,NULL,"2018-02-01 11:48:55","2018-02-01 11:48:55",NULL
517,SC-0000036,NULL,1.00,1,NULL,"2018-02-01 11:48:55","2018-02-01 11:48:55",NULL
518,SC-0000037,NULL,50.00,1,NULL,"2018-02-01 11:48:55","2018-02-01 11:48:55",NULL
519,SC-0000038,NULL,50.00,1,NULL,"2018-02-01 11:48:55","2018-02-01 11:48:55",NULL
520,SC-0000039,NULL,1.00,1,NULL,"2018-02-01 11:48:55","2018-02-01 11:48:55",NULL
521,SC-0000040,NULL,50.00,1,NULL,"2018-02-01 11:48:55","2018-02-01 11:48:55",NULL
522,SC-0000041,NULL,1.00,1,NULL,"2018-02-01 11:48:55","2018-02-01 11:48:55",NULL
523,SC-0000042,NULL,1.00,1,NULL,"2018-02-01 11:48:55","2018-02-01 11:48:55",NULL
524,SC-0000043,NULL,1.00,1,NULL,"2018-02-01 11:48:55","2018-02-01 11:48:55",NULL
525,SC-0000044,NULL,12.00,69,NULL,"2018-02-01 11:48:55","2018-02-01 11:48:55",NULL
526,SC-0000045,NULL,1.00,1,NULL,"2018-02-01 11:48:55","2018-02-01 11:48:55",NULL
527,SC-0000046,NULL,1.00,1,NULL,"2018-02-01 11:48:55","2018-02-01 11:48:55",NULL
528,SC-0000047,NULL,1.00,1,NULL,"2018-02-01 11:48:55","2018-02-01 11:48:55",NULL
529,SC-0000048,NULL,1.00,1,NULL,"2018-02-01 11:48:55","2018-02-01 11:48:55",NULL
530,SC-0000049,NULL,1.00,1,NULL,"2018-02-01 11:48:55","2018-02-01 11:48:55",NULL
531,SC-0000050,NULL,1.00,1,NULL,"2018-02-01 11:48:55","2018-02-01 11:48:55",NULL
532,SC-0000051,NULL,1.00,1,NULL,"2018-02-01 11:48:55","2018-02-01 11:48:55",NULL
533,SC-0000052,NULL,1.00,1,NULL,"2018-02-01 11:48:55","2018-02-01 11:48:55",NULL
534,SC-0000053,NULL,1.00,1,NULL,"2018-02-01 11:48:55","2018-02-01 11:48:55",NULL
535,SC-0000054,NULL,1.00,1,NULL,"2018-02-01 11:48:55","2018-02-01 11:48:55",NULL
536,SC-0000055,NULL,1.00,1,NULL,"2018-02-01 11:48:55","2018-02-01 11:48:55",NULL
537,SC-0000056,NULL,1.00,1,NULL,"2018-02-01 11:48:55","2018-02-01 11:48:55",NULL
538,SC-0000057,NULL,1.00,1,NULL,"2018-02-01 11:48:55","2018-02-01 11:48:55",NULL
539,SC-0000120,NULL,200.00,1,NULL,"2018-02-01 11:48:55","2018-02-01 11:48:55",NULL
540,SC-0000121,NULL,100.00,1,NULL,"2018-02-01 11:48:55","2018-02-01 11:48:55",NULL
541,SC-0000122,NULL,100.00,1,NULL,"2018-02-01 11:48:55","2018-02-01 11:48:55",NULL
542,SC-0000123,NULL,1.00,1,NULL,"2018-02-01 11:48:55","2018-02-01 11:48:55",NULL
543,SC-0000125,NULL,100.00,1,NULL,"2018-02-01 11:48:55","2018-02-01 11:48:55",NULL
544,SC-0000126,NULL,1.00,1,NULL,"2018-02-01 11:48:55","2018-02-01 11:48:55",NULL
545,SC-0000127,NULL,1.00,1,NULL,"2018-02-01 11:48:55","2018-02-01 11:48:55",NULL
546,SC-0000128,NULL,1.00,1,NULL,"2018-02-01 11:48:55","2018-02-01 11:48:55",NULL
547,SC-0000129,NULL,1.00,1,NULL,"2018-02-01 11:48:55","2018-02-01 11:48:55",NULL
548,SC-0000130,NULL,1.00,1,NULL,"2018-02-01 11:48:55","2018-02-01 11:48:55",NULL
549,SC-0000131,NULL,100.00,1,NULL,"2018-02-01 11:48:55","2018-02-01 11:48:55",NULL
550,SC-0000132,NULL,1.00,52,NULL,"2018-02-01 11:48:55","2018-02-01 11:48:55",NULL
551,SC-0000133,NULL,1.00,1,NULL,"2018-02-01 11:48:55","2018-02-01 11:48:55",NULL
552,SC-0000135,NULL,100.00,1,NULL,"2018-02-01 11:48:55","2018-02-01 11:48:55",NULL
553,SC-0000136,NULL,1.00,1,NULL,"2018-02-01 11:48:55","2018-02-01 11:48:55",NULL
554,SC-0000138,NULL,1.00,1,NULL,"2018-02-01 11:48:55","2018-02-01 11:48:55",NULL
555,SC-0000139,NULL,1.00,1,NULL,"2018-02-01 11:48:55","2018-02-01 11:48:55",NULL
556,SC-0000142,NULL,1.00,1,NULL,"2018-02-01 11:48:55","2018-02-01 11:48:55",NULL
557,SC-0000147,NULL,1.00,50,NULL,"2018-02-01 11:48:55","2018-02-01 11:48:55",NULL
558,SC-0000148,NULL,1.00,50,NULL,"2018-02-01 11:48:55","2018-02-01 11:48:55",NULL
559,SC-0000149,NULL,1.00,50,NULL,"2018-02-01 11:48:55","2018-02-01 11:48:55",NULL
560,SC-0000150,NULL,1.00,28,NULL,"2018-02-01 11:48:55","2018-02-01 11:48:55",NULL
561,SC-0000151,NULL,1.00,1,NULL,"2018-02-01 11:48:55","2018-02-01 11:48:55",NULL
562,SC-0000152,NULL,1.00,1,NULL,"2018-02-01 11:48:55","2018-02-01 11:48:55",NULL
563,SC-0000153,NULL,1.00,1,NULL,"2018-02-01 11:48:55","2018-02-01 11:48:55",NULL
564,SC-0000154,NULL,1.00,1,NULL,"2018-02-01 11:48:55","2018-02-01 11:48:55",NULL
565,SC-0000155,NULL,1.00,1,NULL,"2018-02-01 11:48:55","2018-02-01 11:48:55",NULL
566,SC-0000156,NULL,1.00,1,NULL,"2018-02-01 11:48:55","2018-02-01 11:48:55",NULL
567,SC-0000158,NULL,1.00,65,NULL,"2018-02-01 11:48:55","2018-02-01 11:48:55",NULL
568,SC-0000159,NULL,1.00,1,NULL,"2018-02-01 11:48:55","2018-02-01 11:48:55",NULL
569,SC-0000160,NULL,100.00,72,NULL,"2018-02-01 11:48:55","2018-02-01 11:48:55",NULL
570,SC-0000161,NULL,50.00,1,NULL,"2018-02-01 11:48:55","2018-02-01 11:48:55",NULL
571,SC-0000162,NULL,1.00,28,NULL,"2018-02-01 11:48:55","2018-02-01 11:48:55",NULL
572,SC-0000163,NULL,1.00,1,NULL,"2018-02-01 11:48:55","2018-02-01 11:48:55",NULL
573,SC-0000164,NULL,1.00,1,NULL,"2018-02-01 11:48:55","2018-02-01 11:48:55",NULL
1024,060.203.0165,NULL,100.00,1,NULL,"2018-02-01 11:48:55","2018-02-01 11:48:55",NULL
