id,clues,mes,anio,presupuesto_id,proveedor_id,causes_autorizado,causes_modificado,causes_comprometido,causes_devengado,causes_disponible,no_causes_autorizado,no_causes_modificado,no_causes_comprometido,no_causes_devengado,no_causes_disponible,material_curacion_autorizado,material_curacion_modificado,material_curacion_comprometido,material_curacion_devengado,material_curacion_disponible
1,CSSSA007540,4,2017,1,1,642827.1607,642827.1607,0,0,642827.1607,407781.0386,407781.0386,0,0,407781.0386,617347.8355,617347.8355,0,0,617347.8355
2,CSSSA019954,4,2017,1,1,1469319.224,1469319.224,0,0,1469319.224,932070.9454,932070.9454,0,0,932070.9454,1411080.767,1411080.767,0,0,1411080.767
3,CSSSA000832,4,2017,1,1,245794.4653,245794.4653,0,0,245794.4653,155921.1067,155921.1067,0,0,155921.1067,236052.0688,236052.0688,0,0,236052.0688
4,CSSSA000045,4,2017,1,1,183664.903,183664.903,0,0,183664.903,116508.8682,116508.8682,0,0,116508.8682,176385.0959,176385.0959,0,0,176385.0959
5,CSSSA001626,4,2017,1,1,20203.13934,20203.13934,0,0,20203.13934,12815.9755,12815.9755,0,0,12815.9755,19402.36055,19402.36055,0,0,19402.36055
6,CSSSA009162,4,2017,1,1,110198.9418,110198.9418,0,0,110198.9418,69905.3209,69905.3209,0,0,69905.3209,105831.0575,105831.0575,0,0,105831.0575
7,CSSSA000651,4,2017,1,1,20203.13934,20203.13934,0,0,20203.13934,12815.9755,12815.9755,0,0,12815.9755,19402.36055,19402.36055,0,0,19402.36055
8,CSSSA018875,4,2017,1,1,257130.8643,257130.8643,0,0,257130.8643,163112.4154,163112.4154,0,0,163112.4154,246939.1342,246939.1342,0,0,246939.1342
9,CSSSA017516,4,2017,1,1,91832.45152,91832.45152,0,0,91832.45152,58254.43409,58254.43409,0,0,58254.43409,88192.54793,88192.54793,0,0,88192.54793
10,CSSSA000412,4,2017,1,1,64282.71607,64282.71607,0,0,64282.71607,40778.10386,40778.10386,0,0,40778.10386,61734.78355,61734.78355,0,0,61734.78355
11,CSSSA017336,4,2017,1,1,1068002.04,1068002.04,0,0,1068002.04,0,0,0,0,0,2031752.42,2031752.42,0,0,2031752.42
12,CSSSA017365,4,2017,1,1,314182.86,314182.86,0,0,314182.86,0,0,0,0,0,597697.15,597697.15,0,0,597697.15
13,CSSSA018776,4,2017,1,2,826492.0637,826492.0637,0,0,826492.0637,524289.9068,524289.9068,0,0,524289.9068,793732.9314,793732.9314,0,0,793732.9314
14,CSSSA001030,4,2017,1,2,734659.6122,734659.6122,0,0,734659.6122,466035.4727,466035.4727,0,0,466035.4727,705540.3835,705540.3835,0,0,705540.3835
15,CSSSA018781,4,2017,1,2,155900.8113,155900.8113,0,0,155900.8113,98896.55983,98896.55983,0,0,98896.55983,149721.4715,149721.4715,0,0,149721.4715
16,CSSSA003265,4,2017,1,2,243302.6012,243302.6012,0,0,243302.6012,154340.3787,154340.3787,0,0,154340.3787,233658.9731,233658.9731,0,0,233658.9731
17,CSSSA017504,4,2017,1,2,64282.71607,64282.71607,0,0,64282.71607,40778.10386,40778.10386,0,0,40778.10386,61734.78355,61734.78355,0,0,61734.78355
18,CSSSA006403,4,2017,1,2,734659.6122,734659.6122,0,0,734659.6122,466035.4727,466035.4727,0,0,466035.4727,705540.3835,705540.3835,0,0,705540.3835
19,CSSSA002611,4,2017,1,2,183664.903,183664.903,0,0,183664.903,116508.8682,116508.8682,0,0,116508.8682,176385.0959,176385.0959,0,0,176385.0959
20,CSSSA007074,4,2017,1,2,183664.903,183664.903,0,0,183664.903,116508.8682,116508.8682,0,0,116508.8682,176385.0959,176385.0959,0,0,176385.0959
21,CSSSA018740,4,2017,1,2,128565.4321,128565.4321,0,0,128565.4321,81556.20772,81556.20772,0,0,81556.20772,123469.5671,123469.5671,0,0,123469.5671
22,CSSSA000453,4,2017,1,2,309204.2988,309204.2988,0,0,309204.2988,196145.4926,196145.4926,0,0,196145.4926,296948.5676,296948.5676,0,0,296948.5676
23,CSSSA017353,4,2017,1,2,642265.59,642265.59,0,0,642265.59,0,0,0,0,0,1221837.24,1221837.24,0,0,1221837.24
24,CSSSA017394,4,2017,1,2,671987.07,671987.07,0,0,671987.07,0,0,0,0,0,1278378.98,1278378.98,0,0,1278378.98
25,CSSSA017406,4,2017,1,2,170430.11,170430.11,0,0,170430.11,0,0,0,0,0,324223.9,324223.9,0,0,324223.9
26,JURISMOTO10,4,2017,1,2,260245.15,260245.15,0,0,260245.15,0,0,0,0,0,495086.8,495086.8,0,0,495086.8
27,CSSSA005773,4,2017,1,3,550994.7091,550994.7091,0,0,550994.7091,349526.6045,349526.6045,0,0,349526.6045,529155.2876,529155.2876,0,0,529155.2876
28,CSSSA018764,4,2017,1,3,459162.2576,459162.2576,0,0,459162.2576,291272.1704,291272.1704,0,0,291272.1704,440962.7397,440962.7397,0,0,440962.7397
29,CSSSA019481,4,2017,1,3,260536.5871,260536.5871,0,0,260536.5871,165272.8549,165272.8549,0,0,165272.8549,250209.8666,250209.8666,0,0,250209.8666
30,CSSSA018752,4,2017,1,3,55099.47091,55099.47091,0,0,55099.47091,34952.66045,34952.66045,0,0,34952.66045,52915.52876,52915.52876,0,0,52915.52876
31,CSSSA017726,4,2017,1,3,42092.4612,42092.4612,0,0,42092.4612,26701.5904,26701.5904,0,0,26701.5904,40424.06949,40424.06949,0,0,40424.06949
32,CSSSA018793,4,2017,1,3,25822.77011,25822.77011,0,0,25822.77011,16380.82,16380.82,0,0,16380.82,24799.24964,24799.24964,0,0,24799.24964
33,CSSSA004496,4,2017,1,3,20203.13934,20203.13934,0,0,20203.13934,12815.9755,12815.9755,0,0,12815.9755,19402.36055,19402.36055,0,0,19402.36055
34,CSSSA005510,4,2017,1,3,20203.13934,20203.13934,0,0,20203.13934,12815.9755,12815.9755,0,0,12815.9755,19402.36055,19402.36055,0,0,19402.36055
35,CSSSA019645,4,2017,1,3,178140.5421,178140.5421,0,0,178140.5421,113004.4586,113004.4586,0,0,113004.4586,171079.7004,171079.7004,0,0,171079.7004
36,CSSSA004945,4,2017,1,3,183664.903,183664.903,0,0,183664.903,116508.8682,116508.8682,0,0,116508.8682,176385.0959,176385.0959,0,0,176385.0959
37,CSSSAHGREFO,4,2017,1,3,183664.903,183664.903,0,0,183664.903,116508.8682,116508.8682,0,0,116508.8682,176385.0959,176385.0959,0,0,176385.0959
38,CSSSA019242,4,2017,1,3,35855.60904,35855.60904,0,0,35855.60904,22745.20802,22745.20802,0,0,22745.20802,34434.42341,34434.42341,0,0,34434.42341
39,CSSSA017521,4,2017,1,3,35855.60904,35855.60904,0,0,35855.60904,22745.20802,22745.20802,0,0,22745.20802,34434.42341,34434.42341,0,0,34434.42341
40,CSSSA004595,4,2017,1,3,275497.3546,275497.3546,0,0,275497.3546,174763.3023,174763.3023,0,0,174763.3023,264577.6438,264577.6438,0,0,264577.6438
41,CSSSA008264,4,2017,1,3,184900.8473,184900.8473,0,0,184900.8473,117292.8964,117292.8964,0,0,117292.8964,177572.0518,177572.0518,0,0,177572.0518
42,CSSSA006934,4,2017,1,3,64282.71607,64282.71607,0,0,64282.71607,40778.10386,40778.10386,0,0,40778.10386,61734.78355,61734.78355,0,0,61734.78355
43,CSSSA017731,4,2017,1,3,64282.71607,64282.71607,0,0,64282.71607,40778.10386,40778.10386,0,0,40778.10386,61734.78355,61734.78355,0,0,61734.78355
44,CSSSA017341,4,2017,1,3,833825.73,833825.73,0,0,833825.73,0,0,0,0,0,1586258.62,1586258.62,0,0,1586258.62
45,CSSSA017370,4,2017,1,3,484676.07,484676.07,0,0,484676.07,0,0,0,0,0,922041.11,922041.11,0,0,922041.11
46,CSSSA017382,4,2017,1,3,466085.31,466085.31,0,0,466085.31,0,0,0,0,0,886674.29,886674.29,0,0,886674.29
47,CSSSA017411,4,2017,1,3,452968.25,452968.25,0,0,452968.25,0,0,0,0,0,861720.58,861720.58,0,0,861720.58
48,CSSSA007540,5,2017,1,1,642827.1607,642827.1607,0,0,642827.1607,407781.0386,407781.0386,0,0,407781.0386,617347.8355,617347.8355,0,0,617347.8355
49,CSSSA019954,5,2017,1,1,1469319.224,1469319.224,0,0,1469319.224,932070.9454,932070.9454,0,0,932070.9454,1411080.767,1411080.767,0,0,1411080.767
50,CSSSA000832,5,2017,1,1,245794.4653,245794.4653,0,0,245794.4653,155921.1067,155921.1067,0,0,155921.1067,236052.0688,236052.0688,0,0,236052.0688
51,CSSSA000045,5,2017,1,1,183664.903,183664.903,0,0,183664.903,116508.8682,116508.8682,0,0,116508.8682,176385.0959,176385.0959,0,0,176385.0959
52,CSSSA001626,5,2017,1,1,20203.13934,20203.13934,0,0,20203.13934,12815.9755,12815.9755,0,0,12815.9755,19402.36055,19402.36055,0,0,19402.36055
53,CSSSA009162,5,2017,1,1,110198.9418,110198.9418,0,0,110198.9418,69905.3209,69905.3209,0,0,69905.3209,105831.0575,105831.0575,0,0,105831.0575
54,CSSSA000651,5,2017,1,1,20203.13934,20203.13934,0,0,20203.13934,12815.9755,12815.9755,0,0,12815.9755,19402.36055,19402.36055,0,0,19402.36055
55,CSSSA018875,5,2017,1,1,257130.8643,257130.8643,0,0,257130.8643,163112.4154,163112.4154,0,0,163112.4154,246939.1342,246939.1342,0,0,246939.1342
56,CSSSA017516,5,2017,1,1,91832.45152,91832.45152,0,0,91832.45152,58254.43409,58254.43409,0,0,58254.43409,88192.54793,88192.54793,0,0,88192.54793
57,CSSSA000412,5,2017,1,1,64282.71607,64282.71607,0,0,64282.71607,40778.10386,40778.10386,0,0,40778.10386,61734.78355,61734.78355,0,0,61734.78355
58,CSSSA017336,5,2017,1,1,1068002.04,1068002.04,0,0,1068002.04,0,0,0,0,0,2031752.42,2031752.42,0,0,2031752.42
59,CSSSA017365,5,2017,1,1,314182.86,314182.86,0,0,314182.86,0,0,0,0,0,597697.15,597697.15,0,0,597697.15
60,CSSSA018776,5,2017,1,2,826492.0637,826492.0637,0,0,826492.0637,524289.9068,524289.9068,0,0,524289.9068,793732.9314,793732.9314,0,0,793732.9314
61,CSSSA001030,5,2017,1,2,734659.6122,734659.6122,0,0,734659.6122,466035.4727,466035.4727,0,0,466035.4727,705540.3835,705540.3835,0,0,705540.3835
62,CSSSA018781,5,2017,1,2,155900.8113,155900.8113,0,0,155900.8113,98896.55983,98896.55983,0,0,98896.55983,149721.4715,149721.4715,0,0,149721.4715
63,CSSSA003265,5,2017,1,2,243302.6012,243302.6012,0,0,243302.6012,154340.3787,154340.3787,0,0,154340.3787,233658.9731,233658.9731,0,0,233658.9731
64,CSSSA017504,5,2017,1,2,64282.71607,64282.71607,0,0,64282.71607,40778.10386,40778.10386,0,0,40778.10386,61734.78355,61734.78355,0,0,61734.78355
65,CSSSA006403,5,2017,1,2,734659.6122,734659.6122,0,0,734659.6122,466035.4727,466035.4727,0,0,466035.4727,705540.3835,705540.3835,0,0,705540.3835
66,CSSSA002611,5,2017,1,2,183664.903,183664.903,0,0,183664.903,116508.8682,116508.8682,0,0,116508.8682,176385.0959,176385.0959,0,0,176385.0959
67,CSSSA007074,5,2017,1,2,183664.903,183664.903,0,0,183664.903,116508.8682,116508.8682,0,0,116508.8682,176385.0959,176385.0959,0,0,176385.0959
68,CSSSA018740,5,2017,1,2,128565.4321,128565.4321,0,0,128565.4321,81556.20772,81556.20772,0,0,81556.20772,123469.5671,123469.5671,0,0,123469.5671
69,CSSSA000453,5,2017,1,2,309204.2988,309204.2988,0,0,309204.2988,196145.4926,196145.4926,0,0,196145.4926,296948.5676,296948.5676,0,0,296948.5676
70,CSSSA017353,5,2017,1,2,642265.59,642265.59,0,0,642265.59,0,0,0,0,0,1221837.24,1221837.24,0,0,1221837.24
71,CSSSA017394,5,2017,1,2,671987.07,671987.07,0,0,671987.07,0,0,0,0,0,1278378.98,1278378.98,0,0,1278378.98
72,CSSSA017406,5,2017,1,2,170430.11,170430.11,0,0,170430.11,0,0,0,0,0,324223.9,324223.9,0,0,324223.9
73,JURISMOTO10,5,2017,1,2,260245.15,260245.15,0,0,260245.15,0,0,0,0,0,495086.8,495086.8,0,0,495086.8
74,CSSSA005773,5,2017,1,3,550994.7091,550994.7091,0,0,550994.7091,349526.6045,349526.6045,0,0,349526.6045,529155.2876,529155.2876,0,0,529155.2876
75,CSSSA018764,5,2017,1,3,459162.2576,459162.2576,0,0,459162.2576,291272.1704,291272.1704,0,0,291272.1704,440962.7397,440962.7397,0,0,440962.7397
76,CSSSA019481,5,2017,1,3,260536.5871,260536.5871,0,0,260536.5871,165272.8549,165272.8549,0,0,165272.8549,250209.8666,250209.8666,0,0,250209.8666
77,CSSSA018752,5,2017,1,3,55099.47091,55099.47091,0,0,55099.47091,34952.66045,34952.66045,0,0,34952.66045,52915.52876,52915.52876,0,0,52915.52876
78,CSSSA017726,5,2017,1,3,42092.4612,42092.4612,0,0,42092.4612,26701.5904,26701.5904,0,0,26701.5904,40424.06949,40424.06949,0,0,40424.06949
79,CSSSA018793,5,2017,1,3,25822.77011,25822.77011,0,0,25822.77011,16380.82,16380.82,0,0,16380.82,24799.24964,24799.24964,0,0,24799.24964
80,CSSSA004496,5,2017,1,3,20203.13934,20203.13934,0,0,20203.13934,12815.9755,12815.9755,0,0,12815.9755,19402.36055,19402.36055,0,0,19402.36055
81,CSSSA005510,5,2017,1,3,20203.13934,20203.13934,0,0,20203.13934,12815.9755,12815.9755,0,0,12815.9755,19402.36055,19402.36055,0,0,19402.36055
82,CSSSA019645,5,2017,1,3,178140.5421,178140.5421,0,0,178140.5421,113004.4586,113004.4586,0,0,113004.4586,171079.7004,171079.7004,0,0,171079.7004
83,CSSSA004945,5,2017,1,3,183664.903,183664.903,0,0,183664.903,116508.8682,116508.8682,0,0,116508.8682,176385.0959,176385.0959,0,0,176385.0959
84,CSSSAHGREFO,5,2017,1,3,183664.903,183664.903,0,0,183664.903,116508.8682,116508.8682,0,0,116508.8682,176385.0959,176385.0959,0,0,176385.0959
85,CSSSA019242,5,2017,1,3,35855.60904,35855.60904,0,0,35855.60904,22745.20802,22745.20802,0,0,22745.20802,34434.42341,34434.42341,0,0,34434.42341
86,CSSSA017521,5,2017,1,3,35855.60904,35855.60904,0,0,35855.60904,22745.20802,22745.20802,0,0,22745.20802,34434.42341,34434.42341,0,0,34434.42341
87,CSSSA004595,5,2017,1,3,275497.3546,275497.3546,0,0,275497.3546,174763.3023,174763.3023,0,0,174763.3023,264577.6438,264577.6438,0,0,264577.6438
88,CSSSA008264,5,2017,1,3,184900.8473,184900.8473,0,0,184900.8473,117292.8964,117292.8964,0,0,117292.8964,177572.0518,177572.0518,0,0,177572.0518
89,CSSSA006934,5,2017,1,3,64282.71607,64282.71607,0,0,64282.71607,40778.10386,40778.10386,0,0,40778.10386,61734.78355,61734.78355,0,0,61734.78355
90,CSSSA017731,5,2017,1,3,64282.71607,64282.71607,0,0,64282.71607,40778.10386,40778.10386,0,0,40778.10386,61734.78355,61734.78355,0,0,61734.78355
91,CSSSA017341,5,2017,1,3,833825.73,833825.73,0,0,833825.73,0,0,0,0,0,1586258.62,1586258.62,0,0,1586258.62
92,CSSSA017370,5,2017,1,3,484676.07,484676.07,0,0,484676.07,0,0,0,0,0,922041.11,922041.11,0,0,922041.11
93,CSSSA017382,5,2017,1,3,466085.31,466085.31,0,0,466085.31,0,0,0,0,0,886674.29,886674.29,0,0,886674.29
94,CSSSA017411,5,2017,1,3,452968.25,452968.25,0,0,452968.25,0,0,0,0,0,861720.58,861720.58,0,0,861720.58
95,CSSSA007540,6,2017,1,1,642827.1607,642827.1607,0,0,642827.1607,407781.0386,407781.0386,0,0,407781.0386,617347.8355,617347.8355,0,0,617347.8355
96,CSSSA019954,6,2017,1,1,1469319.224,1469319.224,0,0,1469319.224,932070.9454,932070.9454,0,0,932070.9454,1411080.767,1411080.767,0,0,1411080.767
97,CSSSA000832,6,2017,1,1,245794.4653,245794.4653,0,0,245794.4653,155921.1067,155921.1067,0,0,155921.1067,236052.0688,236052.0688,0,0,236052.0688
98,CSSSA000045,6,2017,1,1,183664.903,183664.903,0,0,183664.903,116508.8682,116508.8682,0,0,116508.8682,176385.0959,176385.0959,0,0,176385.0959
99,CSSSA001626,6,2017,1,1,20203.13934,20203.13934,0,0,20203.13934,12815.9755,12815.9755,0,0,12815.9755,19402.36055,19402.36055,0,0,19402.36055
100,CSSSA009162,6,2017,1,1,110198.9418,110198.9418,0,0,110198.9418,69905.3209,69905.3209,0,0,69905.3209,105831.0575,105831.0575,0,0,105831.0575
101,CSSSA000651,6,2017,1,1,20203.13934,20203.13934,0,0,20203.13934,12815.9755,12815.9755,0,0,12815.9755,19402.36055,19402.36055,0,0,19402.36055
102,CSSSA018875,6,2017,1,1,257130.8643,257130.8643,0,0,257130.8643,163112.4154,163112.4154,0,0,163112.4154,246939.1342,246939.1342,0,0,246939.1342
103,CSSSA017516,6,2017,1,1,91832.45152,91832.45152,0,0,91832.45152,58254.43409,58254.43409,0,0,58254.43409,88192.54793,88192.54793,0,0,88192.54793
104,CSSSA000412,6,2017,1,1,64282.71607,64282.71607,0,0,64282.71607,40778.10386,40778.10386,0,0,40778.10386,61734.78355,61734.78355,0,0,61734.78355
105,CSSSA017336,6,2017,1,1,1068002.04,1068002.04,0,0,1068002.04,0,0,0,0,0,2031752.42,2031752.42,0,0,2031752.42
106,CSSSA017365,6,2017,1,1,314182.86,314182.86,0,0,314182.86,0,0,0,0,0,597697.15,597697.15,0,0,597697.15
107,CSSSA018776,6,2017,1,2,826492.0637,826492.0637,0,0,826492.0637,524289.9068,524289.9068,0,0,524289.9068,793732.9314,793732.9314,0,0,793732.9314
108,CSSSA001030,6,2017,1,2,734659.6122,734659.6122,0,0,734659.6122,466035.4727,466035.4727,0,0,466035.4727,705540.3835,705540.3835,0,0,705540.3835
109,CSSSA018781,6,2017,1,2,155900.8113,155900.8113,0,0,155900.8113,98896.55983,98896.55983,0,0,98896.55983,149721.4715,149721.4715,0,0,149721.4715
110,CSSSA003265,6,2017,1,2,243302.6012,243302.6012,0,0,243302.6012,154340.3787,154340.3787,0,0,154340.3787,233658.9731,233658.9731,0,0,233658.9731
111,CSSSA017504,6,2017,1,2,64282.71607,64282.71607,0,0,64282.71607,40778.10386,40778.10386,0,0,40778.10386,61734.78355,61734.78355,0,0,61734.78355
112,CSSSA006403,6,2017,1,2,734659.6122,734659.6122,0,0,734659.6122,466035.4727,466035.4727,0,0,466035.4727,705540.3835,705540.3835,0,0,705540.3835
113,CSSSA002611,6,2017,1,2,183664.903,183664.903,0,0,183664.903,116508.8682,116508.8682,0,0,116508.8682,176385.0959,176385.0959,0,0,176385.0959
114,CSSSA007074,6,2017,1,2,183664.903,183664.903,0,0,183664.903,116508.8682,116508.8682,0,0,116508.8682,176385.0959,176385.0959,0,0,176385.0959
115,CSSSA018740,6,2017,1,2,128565.4321,128565.4321,0,0,128565.4321,81556.20772,81556.20772,0,0,81556.20772,123469.5671,123469.5671,0,0,123469.5671
116,CSSSA000453,6,2017,1,2,309204.2988,309204.2988,0,0,309204.2988,196145.4926,196145.4926,0,0,196145.4926,296948.5676,296948.5676,0,0,296948.5676
117,CSSSA017353,6,2017,1,2,642265.59,642265.59,0,0,642265.59,0,0,0,0,0,1221837.24,1221837.24,0,0,1221837.24
118,CSSSA017394,6,2017,1,2,671987.07,671987.07,0,0,671987.07,0,0,0,0,0,1278378.98,1278378.98,0,0,1278378.98
119,CSSSA017406,6,2017,1,2,170430.11,170430.11,0,0,170430.11,0,0,0,0,0,324223.9,324223.9,0,0,324223.9
120,JURISMOTO10,6,2017,1,2,260245.15,260245.15,0,0,260245.15,0,0,0,0,0,495086.8,495086.8,0,0,495086.8
121,CSSSA005773,6,2017,1,3,550994.7091,550994.7091,0,0,550994.7091,349526.6045,349526.6045,0,0,349526.6045,529155.2876,529155.2876,0,0,529155.2876
122,CSSSA018764,6,2017,1,3,459162.2576,459162.2576,0,0,459162.2576,291272.1704,291272.1704,0,0,291272.1704,440962.7397,440962.7397,0,0,440962.7397
123,CSSSA019481,6,2017,1,3,260536.5871,260536.5871,0,0,260536.5871,165272.8549,165272.8549,0,0,165272.8549,250209.8666,250209.8666,0,0,250209.8666
124,CSSSA018752,6,2017,1,3,55099.47091,55099.47091,0,0,55099.47091,34952.66045,34952.66045,0,0,34952.66045,52915.52876,52915.52876,0,0,52915.52876
125,CSSSA017726,6,2017,1,3,42092.4612,42092.4612,0,0,42092.4612,26701.5904,26701.5904,0,0,26701.5904,40424.06949,40424.06949,0,0,40424.06949
126,CSSSA018793,6,2017,1,3,25822.77011,25822.77011,0,0,25822.77011,16380.82,16380.82,0,0,16380.82,24799.24964,24799.24964,0,0,24799.24964
127,CSSSA004496,6,2017,1,3,20203.13934,20203.13934,0,0,20203.13934,12815.9755,12815.9755,0,0,12815.9755,19402.36055,19402.36055,0,0,19402.36055
128,CSSSA005510,6,2017,1,3,20203.13934,20203.13934,0,0,20203.13934,12815.9755,12815.9755,0,0,12815.9755,19402.36055,19402.36055,0,0,19402.36055
129,CSSSA019645,6,2017,1,3,178140.5421,178140.5421,0,0,178140.5421,113004.4586,113004.4586,0,0,113004.4586,171079.7004,171079.7004,0,0,171079.7004
130,CSSSA004945,6,2017,1,3,183664.903,183664.903,0,0,183664.903,116508.8682,116508.8682,0,0,116508.8682,176385.0959,176385.0959,0,0,176385.0959
131,CSSSAHGREFO,6,2017,1,3,183664.903,183664.903,0,0,183664.903,116508.8682,116508.8682,0,0,116508.8682,176385.0959,176385.0959,0,0,176385.0959
132,CSSSA019242,6,2017,1,3,35855.60904,35855.60904,0,0,35855.60904,22745.20802,22745.20802,0,0,22745.20802,34434.42341,34434.42341,0,0,34434.42341
133,CSSSA017521,6,2017,1,3,35855.60904,35855.60904,0,0,35855.60904,22745.20802,22745.20802,0,0,22745.20802,34434.42341,34434.42341,0,0,34434.42341
134,CSSSA004595,6,2017,1,3,275497.3546,275497.3546,0,0,275497.3546,174763.3023,174763.3023,0,0,174763.3023,264577.6438,264577.6438,0,0,264577.6438
135,CSSSA008264,6,2017,1,3,184900.8473,184900.8473,0,0,184900.8473,117292.8964,117292.8964,0,0,117292.8964,177572.0518,177572.0518,0,0,177572.0518
136,CSSSA006934,6,2017,1,3,64282.71607,64282.71607,0,0,64282.71607,40778.10386,40778.10386,0,0,40778.10386,61734.78355,61734.78355,0,0,61734.78355
137,CSSSA017731,6,2017,1,3,64282.71607,64282.71607,0,0,64282.71607,40778.10386,40778.10386,0,0,40778.10386,61734.78355,61734.78355,0,0,61734.78355
138,CSSSA017341,6,2017,1,3,833825.73,833825.73,0,0,833825.73,0,0,0,0,0,1586258.62,1586258.62,0,0,1586258.62
139,CSSSA017370,6,2017,1,3,484676.07,484676.07,0,0,484676.07,0,0,0,0,0,922041.11,922041.11,0,0,922041.11
140,CSSSA017382,6,2017,1,3,466085.31,466085.31,0,0,466085.31,0,0,0,0,0,886674.29,886674.29,0,0,886674.29
141,CSSSA017411,6,2017,1,3,452968.25,452968.25,0,0,452968.25,0,0,0,0,0,861720.58,861720.58,0,0,861720.58
142,CSSSA007540,7,2017,1,1,642827.1607,642827.1607,0,0,642827.1607,407781.0386,407781.0386,0,0,407781.0386,617347.8355,617347.8355,0,0,617347.8355
143,CSSSA019954,7,2017,1,1,1469319.224,1469319.224,0,0,1469319.224,932070.9454,932070.9454,0,0,932070.9454,1411080.767,1411080.767,0,0,1411080.767
144,CSSSA000832,7,2017,1,1,245794.4653,245794.4653,0,0,245794.4653,155921.1067,155921.1067,0,0,155921.1067,236052.0688,236052.0688,0,0,236052.0688
145,CSSSA000045,7,2017,1,1,183664.903,183664.903,0,0,183664.903,116508.8682,116508.8682,0,0,116508.8682,176385.0959,176385.0959,0,0,176385.0959
146,CSSSA001626,7,2017,1,1,20203.13934,20203.13934,0,0,20203.13934,12815.9755,12815.9755,0,0,12815.9755,19402.36055,19402.36055,0,0,19402.36055
147,CSSSA009162,7,2017,1,1,110198.9418,110198.9418,0,0,110198.9418,69905.3209,69905.3209,0,0,69905.3209,105831.0575,105831.0575,0,0,105831.0575
148,CSSSA000651,7,2017,1,1,20203.13934,20203.13934,0,0,20203.13934,12815.9755,12815.9755,0,0,12815.9755,19402.36055,19402.36055,0,0,19402.36055
149,CSSSA018875,7,2017,1,1,257130.8643,257130.8643,0,0,257130.8643,163112.4154,163112.4154,0,0,163112.4154,246939.1342,246939.1342,0,0,246939.1342
150,CSSSA017516,7,2017,1,1,91832.45152,91832.45152,0,0,91832.45152,58254.43409,58254.43409,0,0,58254.43409,88192.54793,88192.54793,0,0,88192.54793
151,CSSSA000412,7,2017,1,1,64282.71607,64282.71607,0,0,64282.71607,40778.10386,40778.10386,0,0,40778.10386,61734.78355,61734.78355,0,0,61734.78355
152,CSSSA017336,7,2017,1,1,1068002.04,1068002.04,0,0,1068002.04,0,0,0,0,0,2031752.42,2031752.42,0,0,2031752.42
153,CSSSA017365,7,2017,1,1,314182.86,314182.86,0,0,314182.86,0,0,0,0,0,597697.15,597697.15,0,0,597697.15
154,CSSSA018776,7,2017,1,2,826492.0637,826492.0637,0,0,826492.0637,524289.9068,524289.9068,0,0,524289.9068,793732.9314,793732.9314,0,0,793732.9314
155,CSSSA001030,7,2017,1,2,734659.6122,734659.6122,0,0,734659.6122,466035.4727,466035.4727,0,0,466035.4727,705540.3835,705540.3835,0,0,705540.3835
156,CSSSA018781,7,2017,1,2,155900.8113,155900.8113,0,0,155900.8113,98896.55983,98896.55983,0,0,98896.55983,149721.4715,149721.4715,0,0,149721.4715
157,CSSSA003265,7,2017,1,2,243302.6012,243302.6012,0,0,243302.6012,154340.3787,154340.3787,0,0,154340.3787,233658.9731,233658.9731,0,0,233658.9731
158,CSSSA017504,7,2017,1,2,64282.71607,64282.71607,0,0,64282.71607,40778.10386,40778.10386,0,0,40778.10386,61734.78355,61734.78355,0,0,61734.78355
159,CSSSA006403,7,2017,1,2,734659.6122,734659.6122,0,0,734659.6122,466035.4727,466035.4727,0,0,466035.4727,705540.3835,705540.3835,0,0,705540.3835
160,CSSSA002611,7,2017,1,2,183664.903,183664.903,0,0,183664.903,116508.8682,116508.8682,0,0,116508.8682,176385.0959,176385.0959,0,0,176385.0959
161,CSSSA007074,7,2017,1,2,183664.903,183664.903,0,0,183664.903,116508.8682,116508.8682,0,0,116508.8682,176385.0959,176385.0959,0,0,176385.0959
162,CSSSA018740,7,2017,1,2,128565.4321,128565.4321,0,0,128565.4321,81556.20772,81556.20772,0,0,81556.20772,123469.5671,123469.5671,0,0,123469.5671
163,CSSSA000453,7,2017,1,2,309204.2988,309204.2988,0,0,309204.2988,196145.4926,196145.4926,0,0,196145.4926,296948.5676,296948.5676,0,0,296948.5676
164,CSSSA017353,7,2017,1,2,642265.59,642265.59,0,0,642265.59,0,0,0,0,0,1221837.24,1221837.24,0,0,1221837.24
165,CSSSA017394,7,2017,1,2,671987.07,671987.07,0,0,671987.07,0,0,0,0,0,1278378.98,1278378.98,0,0,1278378.98
166,CSSSA017406,7,2017,1,2,170430.11,170430.11,0,0,170430.11,0,0,0,0,0,324223.9,324223.9,0,0,324223.9
167,JURISMOTO10,7,2017,1,2,260245.15,260245.15,0,0,260245.15,0,0,0,0,0,495086.8,495086.8,0,0,495086.8
168,CSSSA005773,7,2017,1,3,550994.7091,550994.7091,0,0,550994.7091,349526.6045,349526.6045,0,0,349526.6045,529155.2876,529155.2876,0,0,529155.2876
169,CSSSA018764,7,2017,1,3,459162.2576,459162.2576,0,0,459162.2576,291272.1704,291272.1704,0,0,291272.1704,440962.7397,440962.7397,0,0,440962.7397
170,CSSSA019481,7,2017,1,3,260536.5871,260536.5871,0,0,260536.5871,165272.8549,165272.8549,0,0,165272.8549,250209.8666,250209.8666,0,0,250209.8666
171,CSSSA018752,7,2017,1,3,55099.47091,55099.47091,0,0,55099.47091,34952.66045,34952.66045,0,0,34952.66045,52915.52876,52915.52876,0,0,52915.52876
172,CSSSA017726,7,2017,1,3,42092.4612,42092.4612,0,0,42092.4612,26701.5904,26701.5904,0,0,26701.5904,40424.06949,40424.06949,0,0,40424.06949
173,CSSSA018793,7,2017,1,3,25822.77011,25822.77011,0,0,25822.77011,16380.82,16380.82,0,0,16380.82,24799.24964,24799.24964,0,0,24799.24964
174,CSSSA004496,7,2017,1,3,20203.13934,20203.13934,0,0,20203.13934,12815.9755,12815.9755,0,0,12815.9755,19402.36055,19402.36055,0,0,19402.36055
175,CSSSA005510,7,2017,1,3,20203.13934,20203.13934,0,0,20203.13934,12815.9755,12815.9755,0,0,12815.9755,19402.36055,19402.36055,0,0,19402.36055
176,CSSSA019645,7,2017,1,3,178140.5421,178140.5421,0,0,178140.5421,113004.4586,113004.4586,0,0,113004.4586,171079.7004,171079.7004,0,0,171079.7004
177,CSSSA004945,7,2017,1,3,183664.903,183664.903,0,0,183664.903,116508.8682,116508.8682,0,0,116508.8682,176385.0959,176385.0959,0,0,176385.0959
178,CSSSAHGREFO,7,2017,1,3,183664.903,183664.903,0,0,183664.903,116508.8682,116508.8682,0,0,116508.8682,176385.0959,176385.0959,0,0,176385.0959
179,CSSSA019242,7,2017,1,3,35855.60904,35855.60904,0,0,35855.60904,22745.20802,22745.20802,0,0,22745.20802,34434.42341,34434.42341,0,0,34434.42341
180,CSSSA017521,7,2017,1,3,35855.60904,35855.60904,0,0,35855.60904,22745.20802,22745.20802,0,0,22745.20802,34434.42341,34434.42341,0,0,34434.42341
181,CSSSA004595,7,2017,1,3,275497.3546,275497.3546,0,0,275497.3546,174763.3023,174763.3023,0,0,174763.3023,264577.6438,264577.6438,0,0,264577.6438
182,CSSSA008264,7,2017,1,3,184900.8473,184900.8473,0,0,184900.8473,117292.8964,117292.8964,0,0,117292.8964,177572.0518,177572.0518,0,0,177572.0518
183,CSSSA006934,7,2017,1,3,64282.71607,64282.71607,0,0,64282.71607,40778.10386,40778.10386,0,0,40778.10386,61734.78355,61734.78355,0,0,61734.78355
184,CSSSA017731,7,2017,1,3,64282.71607,64282.71607,0,0,64282.71607,40778.10386,40778.10386,0,0,40778.10386,61734.78355,61734.78355,0,0,61734.78355
185,CSSSA017341,7,2017,1,3,833825.73,833825.73,0,0,833825.73,0,0,0,0,0,1586258.62,1586258.62,0,0,1586258.62
186,CSSSA017370,7,2017,1,3,484676.07,484676.07,0,0,484676.07,0,0,0,0,0,922041.11,922041.11,0,0,922041.11
187,CSSSA017382,7,2017,1,3,466085.31,466085.31,0,0,466085.31,0,0,0,0,0,886674.29,886674.29,0,0,886674.29
188,CSSSA017411,7,2017,1,3,452968.25,452968.25,0,0,452968.25,0,0,0,0,0,861720.58,861720.58,0,0,861720.58
189,CSSSA007540,8,2017,1,1,642827.1607,642827.1607,0,0,642827.1607,407781.0386,407781.0386,0,0,407781.0386,617347.8355,617347.8355,0,0,617347.8355
190,CSSSA019954,8,2017,1,1,1469319.224,1469319.224,0,0,1469319.224,932070.9454,932070.9454,0,0,932070.9454,1411080.767,1411080.767,0,0,1411080.767
191,CSSSA000832,8,2017,1,1,245794.4653,245794.4653,0,0,245794.4653,155921.1067,155921.1067,0,0,155921.1067,236052.0688,236052.0688,0,0,236052.0688
192,CSSSA000045,8,2017,1,1,183664.903,183664.903,0,0,183664.903,116508.8682,116508.8682,0,0,116508.8682,176385.0959,176385.0959,0,0,176385.0959
193,CSSSA001626,8,2017,1,1,20203.13934,20203.13934,0,0,20203.13934,12815.9755,12815.9755,0,0,12815.9755,19402.36055,19402.36055,0,0,19402.36055
194,CSSSA009162,8,2017,1,1,110198.9418,110198.9418,0,0,110198.9418,69905.3209,69905.3209,0,0,69905.3209,105831.0575,105831.0575,0,0,105831.0575
195,CSSSA000651,8,2017,1,1,20203.13934,20203.13934,0,0,20203.13934,12815.9755,12815.9755,0,0,12815.9755,19402.36055,19402.36055,0,0,19402.36055
196,CSSSA018875,8,2017,1,1,257130.8643,257130.8643,0,0,257130.8643,163112.4154,163112.4154,0,0,163112.4154,246939.1342,246939.1342,0,0,246939.1342
197,CSSSA017516,8,2017,1,1,91832.45152,91832.45152,0,0,91832.45152,58254.43409,58254.43409,0,0,58254.43409,88192.54793,88192.54793,0,0,88192.54793
198,CSSSA000412,8,2017,1,1,64282.71607,64282.71607,0,0,64282.71607,40778.10386,40778.10386,0,0,40778.10386,61734.78355,61734.78355,0,0,61734.78355
199,CSSSA017336,8,2017,1,1,1068002.04,1068002.04,0,0,1068002.04,0,0,0,0,0,2031752.42,2031752.42,0,0,2031752.42
200,CSSSA017365,8,2017,1,1,314182.86,314182.86,0,0,314182.86,0,0,0,0,0,597697.15,597697.15,0,0,597697.15
201,CSSSA018776,8,2017,1,2,826492.0637,826492.0637,0,0,826492.0637,524289.9068,524289.9068,0,0,524289.9068,793732.9314,793732.9314,0,0,793732.9314
202,CSSSA001030,8,2017,1,2,734659.6122,734659.6122,0,0,734659.6122,466035.4727,466035.4727,0,0,466035.4727,705540.3835,705540.3835,0,0,705540.3835
203,CSSSA018781,8,2017,1,2,155900.8113,155900.8113,0,0,155900.8113,98896.55983,98896.55983,0,0,98896.55983,149721.4715,149721.4715,0,0,149721.4715
204,CSSSA003265,8,2017,1,2,243302.6012,243302.6012,0,0,243302.6012,154340.3787,154340.3787,0,0,154340.3787,233658.9731,233658.9731,0,0,233658.9731
205,CSSSA017504,8,2017,1,2,64282.71607,64282.71607,0,0,64282.71607,40778.10386,40778.10386,0,0,40778.10386,61734.78355,61734.78355,0,0,61734.78355
206,CSSSA006403,8,2017,1,2,734659.6122,734659.6122,0,0,734659.6122,466035.4727,466035.4727,0,0,466035.4727,705540.3835,705540.3835,0,0,705540.3835
207,CSSSA002611,8,2017,1,2,183664.903,183664.903,0,0,183664.903,116508.8682,116508.8682,0,0,116508.8682,176385.0959,176385.0959,0,0,176385.0959
208,CSSSA007074,8,2017,1,2,183664.903,183664.903,0,0,183664.903,116508.8682,116508.8682,0,0,116508.8682,176385.0959,176385.0959,0,0,176385.0959
209,CSSSA018740,8,2017,1,2,128565.4321,128565.4321,0,0,128565.4321,81556.20772,81556.20772,0,0,81556.20772,123469.5671,123469.5671,0,0,123469.5671
210,CSSSA000453,8,2017,1,2,309204.2988,309204.2988,0,0,309204.2988,196145.4926,196145.4926,0,0,196145.4926,296948.5676,296948.5676,0,0,296948.5676
211,CSSSA017353,8,2017,1,2,642265.59,642265.59,0,0,642265.59,0,0,0,0,0,1221837.24,1221837.24,0,0,1221837.24
212,CSSSA017394,8,2017,1,2,671987.07,671987.07,0,0,671987.07,0,0,0,0,0,1278378.98,1278378.98,0,0,1278378.98
213,CSSSA017406,8,2017,1,2,170430.11,170430.11,0,0,170430.11,0,0,0,0,0,324223.9,324223.9,0,0,324223.9
214,JURISMOTO10,8,2017,1,2,260245.15,260245.15,0,0,260245.15,0,0,0,0,0,495086.8,495086.8,0,0,495086.8
215,CSSSA005773,8,2017,1,3,550994.7091,550994.7091,0,0,550994.7091,349526.6045,349526.6045,0,0,349526.6045,529155.2876,529155.2876,0,0,529155.2876
216,CSSSA018764,8,2017,1,3,459162.2576,459162.2576,0,0,459162.2576,291272.1704,291272.1704,0,0,291272.1704,440962.7397,440962.7397,0,0,440962.7397
217,CSSSA019481,8,2017,1,3,260536.5871,260536.5871,0,0,260536.5871,165272.8549,165272.8549,0,0,165272.8549,250209.8666,250209.8666,0,0,250209.8666
218,CSSSA018752,8,2017,1,3,55099.47091,55099.47091,0,0,55099.47091,34952.66045,34952.66045,0,0,34952.66045,52915.52876,52915.52876,0,0,52915.52876
219,CSSSA017726,8,2017,1,3,42092.4612,42092.4612,0,0,42092.4612,26701.5904,26701.5904,0,0,26701.5904,40424.06949,40424.06949,0,0,40424.06949
220,CSSSA018793,8,2017,1,3,25822.77011,25822.77011,0,0,25822.77011,16380.82,16380.82,0,0,16380.82,24799.24964,24799.24964,0,0,24799.24964
221,CSSSA004496,8,2017,1,3,20203.13934,20203.13934,0,0,20203.13934,12815.9755,12815.9755,0,0,12815.9755,19402.36055,19402.36055,0,0,19402.36055
222,CSSSA005510,8,2017,1,3,20203.13934,20203.13934,0,0,20203.13934,12815.9755,12815.9755,0,0,12815.9755,19402.36055,19402.36055,0,0,19402.36055
223,CSSSA019645,8,2017,1,3,178140.5421,178140.5421,0,0,178140.5421,113004.4586,113004.4586,0,0,113004.4586,171079.7004,171079.7004,0,0,171079.7004
224,CSSSA004945,8,2017,1,3,183664.903,183664.903,0,0,183664.903,116508.8682,116508.8682,0,0,116508.8682,176385.0959,176385.0959,0,0,176385.0959
225,CSSSAHGREFO,8,2017,1,3,183664.903,183664.903,0,0,183664.903,116508.8682,116508.8682,0,0,116508.8682,176385.0959,176385.0959,0,0,176385.0959
226,CSSSA019242,8,2017,1,3,35855.60904,35855.60904,0,0,35855.60904,22745.20802,22745.20802,0,0,22745.20802,34434.42341,34434.42341,0,0,34434.42341
227,CSSSA017521,8,2017,1,3,35855.60904,35855.60904,0,0,35855.60904,22745.20802,22745.20802,0,0,22745.20802,34434.42341,34434.42341,0,0,34434.42341
228,CSSSA004595,8,2017,1,3,275497.3546,275497.3546,0,0,275497.3546,174763.3023,174763.3023,0,0,174763.3023,264577.6438,264577.6438,0,0,264577.6438
229,CSSSA008264,8,2017,1,3,184900.8473,184900.8473,0,0,184900.8473,117292.8964,117292.8964,0,0,117292.8964,177572.0518,177572.0518,0,0,177572.0518
230,CSSSA006934,8,2017,1,3,64282.71607,64282.71607,0,0,64282.71607,40778.10386,40778.10386,0,0,40778.10386,61734.78355,61734.78355,0,0,61734.78355
231,CSSSA017731,8,2017,1,3,64282.71607,64282.71607,0,0,64282.71607,40778.10386,40778.10386,0,0,40778.10386,61734.78355,61734.78355,0,0,61734.78355
232,CSSSA017341,8,2017,1,3,833825.73,833825.73,0,0,833825.73,0,0,0,0,0,1586258.62,1586258.62,0,0,1586258.62
233,CSSSA017370,8,2017,1,3,484676.07,484676.07,0,0,484676.07,0,0,0,0,0,922041.11,922041.11,0,0,922041.11
234,CSSSA017382,8,2017,1,3,466085.31,466085.31,0,0,466085.31,0,0,0,0,0,886674.29,886674.29,0,0,886674.29
235,CSSSA017411,8,2017,1,3,452968.25,452968.25,0,0,452968.25,0,0,0,0,0,861720.58,861720.58,0,0,861720.58
236,CSSSA007540,9,2017,1,1,642827.1607,642827.1607,0,0,642827.1607,407781.0386,407781.0386,0,0,407781.0386,617347.8355,617347.8355,0,0,617347.8355
237,CSSSA019954,9,2017,1,1,1469319.224,1469319.224,0,0,1469319.224,932070.9454,932070.9454,0,0,932070.9454,1411080.767,1411080.767,0,0,1411080.767
238,CSSSA000832,9,2017,1,1,245794.4653,245794.4653,0,0,245794.4653,155921.1067,155921.1067,0,0,155921.1067,236052.0688,236052.0688,0,0,236052.0688
239,CSSSA000045,9,2017,1,1,183664.903,183664.903,0,0,183664.903,116508.8682,116508.8682,0,0,116508.8682,176385.0959,176385.0959,0,0,176385.0959
240,CSSSA001626,9,2017,1,1,20203.13934,20203.13934,0,0,20203.13934,12815.9755,12815.9755,0,0,12815.9755,19402.36055,19402.36055,0,0,19402.36055
241,CSSSA009162,9,2017,1,1,110198.9418,110198.9418,0,0,110198.9418,69905.3209,69905.3209,0,0,69905.3209,105831.0575,105831.0575,0,0,105831.0575
242,CSSSA000651,9,2017,1,1,20203.13934,20203.13934,0,0,20203.13934,12815.9755,12815.9755,0,0,12815.9755,19402.36055,19402.36055,0,0,19402.36055
243,CSSSA018875,9,2017,1,1,257130.8643,257130.8643,0,0,257130.8643,163112.4154,163112.4154,0,0,163112.4154,246939.1342,246939.1342,0,0,246939.1342
244,CSSSA017516,9,2017,1,1,91832.45152,91832.45152,0,0,91832.45152,58254.43409,58254.43409,0,0,58254.43409,88192.54793,88192.54793,0,0,88192.54793
245,CSSSA000412,9,2017,1,1,64282.71607,64282.71607,0,0,64282.71607,40778.10386,40778.10386,0,0,40778.10386,61734.78355,61734.78355,0,0,61734.78355
246,CSSSA017336,9,2017,1,1,1068002.04,1068002.04,0,0,1068002.04,0,0,0,0,0,2031752.42,2031752.42,0,0,2031752.42
247,CSSSA017365,9,2017,1,1,314182.86,314182.86,0,0,314182.86,0,0,0,0,0,597697.15,597697.15,0,0,597697.15
248,CSSSA018776,9,2017,1,2,826492.0637,826492.0637,0,0,826492.0637,524289.9068,524289.9068,0,0,524289.9068,793732.9314,793732.9314,0,0,793732.9314
249,CSSSA001030,9,2017,1,2,734659.6122,734659.6122,0,0,734659.6122,466035.4727,466035.4727,0,0,466035.4727,705540.3835,705540.3835,0,0,705540.3835
250,CSSSA018781,9,2017,1,2,155900.8113,155900.8113,0,0,155900.8113,98896.55983,98896.55983,0,0,98896.55983,149721.4715,149721.4715,0,0,149721.4715
251,CSSSA003265,9,2017,1,2,243302.6012,243302.6012,0,0,243302.6012,154340.3787,154340.3787,0,0,154340.3787,233658.9731,233658.9731,0,0,233658.9731
252,CSSSA017504,9,2017,1,2,64282.71607,64282.71607,0,0,64282.71607,40778.10386,40778.10386,0,0,40778.10386,61734.78355,61734.78355,0,0,61734.78355
253,CSSSA006403,9,2017,1,2,734659.6122,734659.6122,0,0,734659.6122,466035.4727,466035.4727,0,0,466035.4727,705540.3835,705540.3835,0,0,705540.3835
254,CSSSA002611,9,2017,1,2,183664.903,183664.903,0,0,183664.903,116508.8682,116508.8682,0,0,116508.8682,176385.0959,176385.0959,0,0,176385.0959
255,CSSSA007074,9,2017,1,2,183664.903,183664.903,0,0,183664.903,116508.8682,116508.8682,0,0,116508.8682,176385.0959,176385.0959,0,0,176385.0959
256,CSSSA018740,9,2017,1,2,128565.4321,128565.4321,0,0,128565.4321,81556.20772,81556.20772,0,0,81556.20772,123469.5671,123469.5671,0,0,123469.5671
257,CSSSA000453,9,2017,1,2,309204.2988,309204.2988,0,0,309204.2988,196145.4926,196145.4926,0,0,196145.4926,296948.5676,296948.5676,0,0,296948.5676
258,CSSSA017353,9,2017,1,2,642265.59,642265.59,0,0,642265.59,0,0,0,0,0,1221837.24,1221837.24,0,0,1221837.24
259,CSSSA017394,9,2017,1,2,671987.07,671987.07,0,0,671987.07,0,0,0,0,0,1278378.98,1278378.98,0,0,1278378.98
260,CSSSA017406,9,2017,1,2,170430.11,170430.11,0,0,170430.11,0,0,0,0,0,324223.9,324223.9,0,0,324223.9
261,JURISMOTO10,9,2017,1,2,260245.15,260245.15,0,0,260245.15,0,0,0,0,0,495086.8,495086.8,0,0,495086.8
262,CSSSA005773,9,2017,1,3,550994.7091,550994.7091,0,0,550994.7091,349526.6045,349526.6045,0,0,349526.6045,529155.2876,529155.2876,0,0,529155.2876
263,CSSSA018764,9,2017,1,3,459162.2576,459162.2576,0,0,459162.2576,291272.1704,291272.1704,0,0,291272.1704,440962.7397,440962.7397,0,0,440962.7397
264,CSSSA019481,9,2017,1,3,260536.5871,260536.5871,0,0,260536.5871,165272.8549,165272.8549,0,0,165272.8549,250209.8666,250209.8666,0,0,250209.8666
265,CSSSA018752,9,2017,1,3,55099.47091,55099.47091,0,0,55099.47091,34952.66045,34952.66045,0,0,34952.66045,52915.52876,52915.52876,0,0,52915.52876
266,CSSSA017726,9,2017,1,3,42092.4612,42092.4612,0,0,42092.4612,26701.5904,26701.5904,0,0,26701.5904,40424.06949,40424.06949,0,0,40424.06949
267,CSSSA018793,9,2017,1,3,25822.77011,25822.77011,0,0,25822.77011,16380.82,16380.82,0,0,16380.82,24799.24964,24799.24964,0,0,24799.24964
268,CSSSA004496,9,2017,1,3,20203.13934,20203.13934,0,0,20203.13934,12815.9755,12815.9755,0,0,12815.9755,19402.36055,19402.36055,0,0,19402.36055
269,CSSSA005510,9,2017,1,3,20203.13934,20203.13934,0,0,20203.13934,12815.9755,12815.9755,0,0,12815.9755,19402.36055,19402.36055,0,0,19402.36055
270,CSSSA019645,9,2017,1,3,178140.5421,178140.5421,0,0,178140.5421,113004.4586,113004.4586,0,0,113004.4586,171079.7004,171079.7004,0,0,171079.7004
271,CSSSA004945,9,2017,1,3,183664.903,183664.903,0,0,183664.903,116508.8682,116508.8682,0,0,116508.8682,176385.0959,176385.0959,0,0,176385.0959
272,CSSSAHGREFO,9,2017,1,3,183664.903,183664.903,0,0,183664.903,116508.8682,116508.8682,0,0,116508.8682,176385.0959,176385.0959,0,0,176385.0959
273,CSSSA019242,9,2017,1,3,35855.60904,35855.60904,0,0,35855.60904,22745.20802,22745.20802,0,0,22745.20802,34434.42341,34434.42341,0,0,34434.42341
274,CSSSA017521,9,2017,1,3,35855.60904,35855.60904,0,0,35855.60904,22745.20802,22745.20802,0,0,22745.20802,34434.42341,34434.42341,0,0,34434.42341
275,CSSSA004595,9,2017,1,3,275497.3546,275497.3546,0,0,275497.3546,174763.3023,174763.3023,0,0,174763.3023,264577.6438,264577.6438,0,0,264577.6438
276,CSSSA008264,9,2017,1,3,184900.8473,184900.8473,0,0,184900.8473,117292.8964,117292.8964,0,0,117292.8964,177572.0518,177572.0518,0,0,177572.0518
277,CSSSA006934,9,2017,1,3,64282.71607,64282.71607,0,0,64282.71607,40778.10386,40778.10386,0,0,40778.10386,61734.78355,61734.78355,0,0,61734.78355
278,CSSSA017731,9,2017,1,3,64282.71607,64282.71607,0,0,64282.71607,40778.10386,40778.10386,0,0,40778.10386,61734.78355,61734.78355,0,0,61734.78355
279,CSSSA017341,9,2017,1,3,833825.73,833825.73,0,0,833825.73,0,0,0,0,0,1586258.62,1586258.62,0,0,1586258.62
280,CSSSA017370,9,2017,1,3,484676.07,484676.07,0,0,484676.07,0,0,0,0,0,922041.11,922041.11,0,0,922041.11
281,CSSSA017382,9,2017,1,3,466085.31,466085.31,0,0,466085.31,0,0,0,0,0,886674.29,886674.29,0,0,886674.29
282,CSSSA017411,9,2017,1,3,452968.25,452968.25,0,0,452968.25,0,0,0,0,0,861720.58,861720.58,0,0,861720.58
283,CSSSA007540,10,2017,1,1,642827.1607,642827.1607,0,0,642827.1607,407781.0386,407781.0386,0,0,407781.0386,617347.8355,617347.8355,0,0,617347.8355
284,CSSSA019954,10,2017,1,1,1469319.224,1469319.224,0,0,1469319.224,932070.9454,932070.9454,0,0,932070.9454,1411080.767,1411080.767,0,0,1411080.767
285,CSSSA000832,10,2017,1,1,245794.4653,245794.4653,0,0,245794.4653,155921.1067,155921.1067,0,0,155921.1067,236052.0688,236052.0688,0,0,236052.0688
286,CSSSA000045,10,2017,1,1,183664.903,183664.903,0,0,183664.903,116508.8682,116508.8682,0,0,116508.8682,176385.0959,176385.0959,0,0,176385.0959
287,CSSSA001626,10,2017,1,1,20203.13934,20203.13934,0,0,20203.13934,12815.9755,12815.9755,0,0,12815.9755,19402.36055,19402.36055,0,0,19402.36055
288,CSSSA009162,10,2017,1,1,110198.9418,110198.9418,0,0,110198.9418,69905.3209,69905.3209,0,0,69905.3209,105831.0575,105831.0575,0,0,105831.0575
289,CSSSA000651,10,2017,1,1,20203.13934,20203.13934,0,0,20203.13934,12815.9755,12815.9755,0,0,12815.9755,19402.36055,19402.36055,0,0,19402.36055
290,CSSSA018875,10,2017,1,1,257130.8643,257130.8643,0,0,257130.8643,163112.4154,163112.4154,0,0,163112.4154,246939.1342,246939.1342,0,0,246939.1342
291,CSSSA017516,10,2017,1,1,91832.45152,91832.45152,0,0,91832.45152,58254.43409,58254.43409,0,0,58254.43409,88192.54793,88192.54793,0,0,88192.54793
292,CSSSA000412,10,2017,1,1,64282.71607,64282.71607,0,0,64282.71607,40778.10386,40778.10386,0,0,40778.10386,61734.78355,61734.78355,0,0,61734.78355
293,CSSSA017336,10,2017,1,1,1068002.04,1068002.04,0,0,1068002.04,0,0,0,0,0,2031752.42,2031752.42,0,0,2031752.42
294,CSSSA017365,10,2017,1,1,314182.86,314182.86,0,0,314182.86,0,0,0,0,0,597697.15,597697.15,0,0,597697.15
295,CSSSA018776,10,2017,1,2,826492.0637,826492.0637,0,0,826492.0637,524289.9068,524289.9068,0,0,524289.9068,793732.9314,793732.9314,0,0,793732.9314
296,CSSSA001030,10,2017,1,2,734659.6122,734659.6122,0,0,734659.6122,466035.4727,466035.4727,0,0,466035.4727,705540.3835,705540.3835,0,0,705540.3835
297,CSSSA018781,10,2017,1,2,155900.8113,155900.8113,0,0,155900.8113,98896.55983,98896.55983,0,0,98896.55983,149721.4715,149721.4715,0,0,149721.4715
298,CSSSA003265,10,2017,1,2,243302.6012,243302.6012,0,0,243302.6012,154340.3787,154340.3787,0,0,154340.3787,233658.9731,233658.9731,0,0,233658.9731
299,CSSSA017504,10,2017,1,2,64282.71607,64282.71607,0,0,64282.71607,40778.10386,40778.10386,0,0,40778.10386,61734.78355,61734.78355,0,0,61734.78355
300,CSSSA006403,10,2017,1,2,734659.6122,734659.6122,0,0,734659.6122,466035.4727,466035.4727,0,0,466035.4727,705540.3835,705540.3835,0,0,705540.3835
301,CSSSA002611,10,2017,1,2,183664.903,183664.903,0,0,183664.903,116508.8682,116508.8682,0,0,116508.8682,176385.0959,176385.0959,0,0,176385.0959
302,CSSSA007074,10,2017,1,2,183664.903,183664.903,0,0,183664.903,116508.8682,116508.8682,0,0,116508.8682,176385.0959,176385.0959,0,0,176385.0959
303,CSSSA018740,10,2017,1,2,128565.4321,128565.4321,0,0,128565.4321,81556.20772,81556.20772,0,0,81556.20772,123469.5671,123469.5671,0,0,123469.5671
304,CSSSA000453,10,2017,1,2,309204.2988,309204.2988,0,0,309204.2988,196145.4926,196145.4926,0,0,196145.4926,296948.5676,296948.5676,0,0,296948.5676
305,CSSSA017353,10,2017,1,2,642265.59,642265.59,0,0,642265.59,0,0,0,0,0,1221837.24,1221837.24,0,0,1221837.24
306,CSSSA017394,10,2017,1,2,671987.07,671987.07,0,0,671987.07,0,0,0,0,0,1278378.98,1278378.98,0,0,1278378.98
307,CSSSA017406,10,2017,1,2,170430.11,170430.11,0,0,170430.11,0,0,0,0,0,324223.9,324223.9,0,0,324223.9
308,JURISMOTO10,10,2017,1,2,260245.15,260245.15,0,0,260245.15,0,0,0,0,0,495086.8,495086.8,0,0,495086.8
309,CSSSA005773,10,2017,1,3,550994.7091,550994.7091,0,0,550994.7091,349526.6045,349526.6045,0,0,349526.6045,529155.2876,529155.2876,0,0,529155.2876
310,CSSSA018764,10,2017,1,3,459162.2576,459162.2576,0,0,459162.2576,291272.1704,291272.1704,0,0,291272.1704,440962.7397,440962.7397,0,0,440962.7397
311,CSSSA019481,10,2017,1,3,260536.5871,260536.5871,0,0,260536.5871,165272.8549,165272.8549,0,0,165272.8549,250209.8666,250209.8666,0,0,250209.8666
312,CSSSA018752,10,2017,1,3,55099.47091,55099.47091,0,0,55099.47091,34952.66045,34952.66045,0,0,34952.66045,52915.52876,52915.52876,0,0,52915.52876
313,CSSSA017726,10,2017,1,3,42092.4612,42092.4612,0,0,42092.4612,26701.5904,26701.5904,0,0,26701.5904,40424.06949,40424.06949,0,0,40424.06949
314,CSSSA018793,10,2017,1,3,25822.77011,25822.77011,0,0,25822.77011,16380.82,16380.82,0,0,16380.82,24799.24964,24799.24964,0,0,24799.24964
315,CSSSA004496,10,2017,1,3,20203.13934,20203.13934,0,0,20203.13934,12815.9755,12815.9755,0,0,12815.9755,19402.36055,19402.36055,0,0,19402.36055
316,CSSSA005510,10,2017,1,3,20203.13934,20203.13934,0,0,20203.13934,12815.9755,12815.9755,0,0,12815.9755,19402.36055,19402.36055,0,0,19402.36055
317,CSSSA019645,10,2017,1,3,178140.5421,178140.5421,0,0,178140.5421,113004.4586,113004.4586,0,0,113004.4586,171079.7004,171079.7004,0,0,171079.7004
318,CSSSA004945,10,2017,1,3,183664.903,183664.903,0,0,183664.903,116508.8682,116508.8682,0,0,116508.8682,176385.0959,176385.0959,0,0,176385.0959
319,CSSSAHGREFO,10,2017,1,3,183664.903,183664.903,0,0,183664.903,116508.8682,116508.8682,0,0,116508.8682,176385.0959,176385.0959,0,0,176385.0959
320,CSSSA019242,10,2017,1,3,35855.60904,35855.60904,0,0,35855.60904,22745.20802,22745.20802,0,0,22745.20802,34434.42341,34434.42341,0,0,34434.42341
321,CSSSA017521,10,2017,1,3,35855.60904,35855.60904,0,0,35855.60904,22745.20802,22745.20802,0,0,22745.20802,34434.42341,34434.42341,0,0,34434.42341
322,CSSSA004595,10,2017,1,3,275497.3546,275497.3546,0,0,275497.3546,174763.3023,174763.3023,0,0,174763.3023,264577.6438,264577.6438,0,0,264577.6438
323,CSSSA008264,10,2017,1,3,184900.8473,184900.8473,0,0,184900.8473,117292.8964,117292.8964,0,0,117292.8964,177572.0518,177572.0518,0,0,177572.0518
324,CSSSA006934,10,2017,1,3,64282.71607,64282.71607,0,0,64282.71607,40778.10386,40778.10386,0,0,40778.10386,61734.78355,61734.78355,0,0,61734.78355
325,CSSSA017731,10,2017,1,3,64282.71607,64282.71607,0,0,64282.71607,40778.10386,40778.10386,0,0,40778.10386,61734.78355,61734.78355,0,0,61734.78355
326,CSSSA017341,10,2017,1,3,833825.73,833825.73,0,0,833825.73,0,0,0,0,0,1586258.62,1586258.62,0,0,1586258.62
327,CSSSA017370,10,2017,1,3,484676.07,484676.07,0,0,484676.07,0,0,0,0,0,922041.11,922041.11,0,0,922041.11
328,CSSSA017382,10,2017,1,3,466085.31,466085.31,0,0,466085.31,0,0,0,0,0,886674.29,886674.29,0,0,886674.29
329,CSSSA017411,10,2017,1,3,452968.25,452968.25,0,0,452968.25,0,0,0,0,0,861720.58,861720.58,0,0,861720.58
330,CSSSA007540,11,2017,1,1,642827.1607,642827.1607,0,0,642827.1607,407781.0386,407781.0386,0,0,407781.0386,617347.8355,617347.8355,0,0,617347.8355
331,CSSSA019954,11,2017,1,1,1469319.224,1469319.224,0,0,1469319.224,932070.9454,932070.9454,0,0,932070.9454,1411080.767,1411080.767,0,0,1411080.767
332,CSSSA000832,11,2017,1,1,245794.4653,245794.4653,0,0,245794.4653,155921.1067,155921.1067,0,0,155921.1067,236052.0688,236052.0688,0,0,236052.0688
333,CSSSA000045,11,2017,1,1,183664.903,183664.903,0,0,183664.903,116508.8682,116508.8682,0,0,116508.8682,176385.0959,176385.0959,0,0,176385.0959
334,CSSSA001626,11,2017,1,1,20203.13934,20203.13934,0,0,20203.13934,12815.9755,12815.9755,0,0,12815.9755,19402.36055,19402.36055,0,0,19402.36055
335,CSSSA009162,11,2017,1,1,110198.9418,110198.9418,0,0,110198.9418,69905.3209,69905.3209,0,0,69905.3209,105831.0575,105831.0575,0,0,105831.0575
336,CSSSA000651,11,2017,1,1,20203.13934,20203.13934,0,0,20203.13934,12815.9755,12815.9755,0,0,12815.9755,19402.36055,19402.36055,0,0,19402.36055
337,CSSSA018875,11,2017,1,1,257130.8643,257130.8643,0,0,257130.8643,163112.4154,163112.4154,0,0,163112.4154,246939.1342,246939.1342,0,0,246939.1342
338,CSSSA017516,11,2017,1,1,91832.45152,91832.45152,0,0,91832.45152,58254.43409,58254.43409,0,0,58254.43409,88192.54793,88192.54793,0,0,88192.54793
339,CSSSA000412,11,2017,1,1,64282.71607,64282.71607,0,0,64282.71607,40778.10386,40778.10386,0,0,40778.10386,61734.78355,61734.78355,0,0,61734.78355
340,CSSSA017336,11,2017,1,1,1068002.04,1068002.04,0,0,1068002.04,0,0,0,0,0,2031752.42,2031752.42,0,0,2031752.42
341,CSSSA017365,11,2017,1,1,314182.86,314182.86,0,0,314182.86,0,0,0,0,0,597697.15,597697.15,0,0,597697.15
342,CSSSA018776,11,2017,1,2,826492.0637,826492.0637,0,0,826492.0637,524289.9068,524289.9068,0,0,524289.9068,793732.9314,793732.9314,0,0,793732.9314
343,CSSSA001030,11,2017,1,2,734659.6122,734659.6122,0,0,734659.6122,466035.4727,466035.4727,0,0,466035.4727,705540.3835,705540.3835,0,0,705540.3835
344,CSSSA018781,11,2017,1,2,155900.8113,155900.8113,0,0,155900.8113,98896.55983,98896.55983,0,0,98896.55983,149721.4715,149721.4715,0,0,149721.4715
345,CSSSA003265,11,2017,1,2,243302.6012,243302.6012,0,0,243302.6012,154340.3787,154340.3787,0,0,154340.3787,233658.9731,233658.9731,0,0,233658.9731
346,CSSSA017504,11,2017,1,2,64282.71607,64282.71607,0,0,64282.71607,40778.10386,40778.10386,0,0,40778.10386,61734.78355,61734.78355,0,0,61734.78355
347,CSSSA006403,11,2017,1,2,734659.6122,734659.6122,0,0,734659.6122,466035.4727,466035.4727,0,0,466035.4727,705540.3835,705540.3835,0,0,705540.3835
348,CSSSA002611,11,2017,1,2,183664.903,183664.903,0,0,183664.903,116508.8682,116508.8682,0,0,116508.8682,176385.0959,176385.0959,0,0,176385.0959
349,CSSSA007074,11,2017,1,2,183664.903,183664.903,0,0,183664.903,116508.8682,116508.8682,0,0,116508.8682,176385.0959,176385.0959,0,0,176385.0959
350,CSSSA018740,11,2017,1,2,128565.4321,128565.4321,0,0,128565.4321,81556.20772,81556.20772,0,0,81556.20772,123469.5671,123469.5671,0,0,123469.5671
351,CSSSA000453,11,2017,1,2,309204.2988,309204.2988,0,0,309204.2988,196145.4926,196145.4926,0,0,196145.4926,296948.5676,296948.5676,0,0,296948.5676
352,CSSSA017353,11,2017,1,2,642265.59,642265.59,0,0,642265.59,0,0,0,0,0,1221837.24,1221837.24,0,0,1221837.24
353,CSSSA017394,11,2017,1,2,671987.07,671987.07,0,0,671987.07,0,0,0,0,0,1278378.98,1278378.98,0,0,1278378.98
354,CSSSA017406,11,2017,1,2,170430.11,170430.11,0,0,170430.11,0,0,0,0,0,324223.9,324223.9,0,0,324223.9
355,JURISMOTO10,11,2017,1,2,260245.15,260245.15,0,0,260245.15,0,0,0,0,0,495086.8,495086.8,0,0,495086.8
356,CSSSA005773,11,2017,1,3,550994.7091,550994.7091,0,0,550994.7091,349526.6045,349526.6045,0,0,349526.6045,529155.2876,529155.2876,0,0,529155.2876
357,CSSSA018764,11,2017,1,3,459162.2576,459162.2576,0,0,459162.2576,291272.1704,291272.1704,0,0,291272.1704,440962.7397,440962.7397,0,0,440962.7397
358,CSSSA019481,11,2017,1,3,260536.5871,260536.5871,0,0,260536.5871,165272.8549,165272.8549,0,0,165272.8549,250209.8666,250209.8666,0,0,250209.8666
359,CSSSA018752,11,2017,1,3,55099.47091,55099.47091,0,0,55099.47091,34952.66045,34952.66045,0,0,34952.66045,52915.52876,52915.52876,0,0,52915.52876
360,CSSSA017726,11,2017,1,3,42092.4612,42092.4612,0,0,42092.4612,26701.5904,26701.5904,0,0,26701.5904,40424.06949,40424.06949,0,0,40424.06949
361,CSSSA018793,11,2017,1,3,25822.77011,25822.77011,0,0,25822.77011,16380.82,16380.82,0,0,16380.82,24799.24964,24799.24964,0,0,24799.24964
362,CSSSA004496,11,2017,1,3,20203.13934,20203.13934,0,0,20203.13934,12815.9755,12815.9755,0,0,12815.9755,19402.36055,19402.36055,0,0,19402.36055
363,CSSSA005510,11,2017,1,3,20203.13934,20203.13934,0,0,20203.13934,12815.9755,12815.9755,0,0,12815.9755,19402.36055,19402.36055,0,0,19402.36055
364,CSSSA019645,11,2017,1,3,178140.5421,178140.5421,0,0,178140.5421,113004.4586,113004.4586,0,0,113004.4586,171079.7004,171079.7004,0,0,171079.7004
365,CSSSA004945,11,2017,1,3,183664.903,183664.903,0,0,183664.903,116508.8682,116508.8682,0,0,116508.8682,176385.0959,176385.0959,0,0,176385.0959
366,CSSSAHGREFO,11,2017,1,3,183664.903,183664.903,0,0,183664.903,116508.8682,116508.8682,0,0,116508.8682,176385.0959,176385.0959,0,0,176385.0959
367,CSSSA019242,11,2017,1,3,35855.60904,35855.60904,0,0,35855.60904,22745.20802,22745.20802,0,0,22745.20802,34434.42341,34434.42341,0,0,34434.42341
368,CSSSA017521,11,2017,1,3,35855.60904,35855.60904,0,0,35855.60904,22745.20802,22745.20802,0,0,22745.20802,34434.42341,34434.42341,0,0,34434.42341
369,CSSSA004595,11,2017,1,3,275497.3546,275497.3546,0,0,275497.3546,174763.3023,174763.3023,0,0,174763.3023,264577.6438,264577.6438,0,0,264577.6438
370,CSSSA008264,11,2017,1,3,184900.8473,184900.8473,0,0,184900.8473,117292.8964,117292.8964,0,0,117292.8964,177572.0518,177572.0518,0,0,177572.0518
371,CSSSA006934,11,2017,1,3,64282.71607,64282.71607,0,0,64282.71607,40778.10386,40778.10386,0,0,40778.10386,61734.78355,61734.78355,0,0,61734.78355
372,CSSSA017731,11,2017,1,3,64282.71607,64282.71607,0,0,64282.71607,40778.10386,40778.10386,0,0,40778.10386,61734.78355,61734.78355,0,0,61734.78355
373,CSSSA017341,11,2017,1,3,833825.73,833825.73,0,0,833825.73,0,0,0,0,0,1586258.62,1586258.62,0,0,1586258.62
374,CSSSA017370,11,2017,1,3,484676.07,484676.07,0,0,484676.07,0,0,0,0,0,922041.11,922041.11,0,0,922041.11
375,CSSSA017382,11,2017,1,3,466085.31,466085.31,0,0,466085.31,0,0,0,0,0,886674.29,886674.29,0,0,886674.29
376,CSSSA017411,11,2017,1,3,452968.25,452968.25,0,0,452968.25,0,0,0,0,0,861720.58,861720.58,0,0,861720.58
377,CSSSA007540,12,2017,1,1,642827.1607,642827.1607,0,0,642827.1607,407781.0386,407781.0386,0,0,407781.0386,617347.8355,617347.8355,0,0,617347.8355
378,CSSSA019954,12,2017,1,1,1469319.224,1469319.224,0,0,1469319.224,932070.9454,932070.9454,0,0,932070.9454,1411080.767,1411080.767,0,0,1411080.767
379,CSSSA000832,12,2017,1,1,245794.4653,245794.4653,0,0,245794.4653,155921.1067,155921.1067,0,0,155921.1067,236052.0688,236052.0688,0,0,236052.0688
380,CSSSA000045,12,2017,1,1,183664.903,183664.903,0,0,183664.903,116508.8682,116508.8682,0,0,116508.8682,176385.0959,176385.0959,0,0,176385.0959
381,CSSSA001626,12,2017,1,1,20203.13934,20203.13934,0,0,20203.13934,12815.9755,12815.9755,0,0,12815.9755,19402.36055,19402.36055,0,0,19402.36055
382,CSSSA009162,12,2017,1,1,110198.9418,110198.9418,0,0,110198.9418,69905.3209,69905.3209,0,0,69905.3209,105831.0575,105831.0575,0,0,105831.0575
383,CSSSA000651,12,2017,1,1,20203.13934,20203.13934,0,0,20203.13934,12815.9755,12815.9755,0,0,12815.9755,19402.36055,19402.36055,0,0,19402.36055
384,CSSSA018875,12,2017,1,1,257130.8643,257130.8643,0,0,257130.8643,163112.4154,163112.4154,0,0,163112.4154,246939.1342,246939.1342,0,0,246939.1342
385,CSSSA017516,12,2017,1,1,91832.45152,91832.45152,0,0,91832.45152,58254.43409,58254.43409,0,0,58254.43409,88192.54793,88192.54793,0,0,88192.54793
386,CSSSA000412,12,2017,1,1,64282.71607,64282.71607,0,0,64282.71607,40778.10386,40778.10386,0,0,40778.10386,61734.78355,61734.78355,0,0,61734.78355
387,CSSSA017336,12,2017,1,1,1068002.04,1068002.04,0,0,1068002.04,0,0,0,0,0,2031752.42,2031752.42,0,0,2031752.42
388,CSSSA017365,12,2017,1,1,314182.86,314182.86,0,0,314182.86,0,0,0,0,0,597697.15,597697.15,0,0,597697.15
389,CSSSA018776,12,2017,1,2,826492.0637,826492.0637,0,0,826492.0637,524289.9068,524289.9068,0,0,524289.9068,793732.9314,793732.9314,0,0,793732.9314
390,CSSSA001030,12,2017,1,2,734659.6122,734659.6122,0,0,734659.6122,466035.4727,466035.4727,0,0,466035.4727,705540.3835,705540.3835,0,0,705540.3835
391,CSSSA018781,12,2017,1,2,155900.8113,155900.8113,0,0,155900.8113,98896.55983,98896.55983,0,0,98896.55983,149721.4715,149721.4715,0,0,149721.4715
392,CSSSA003265,12,2017,1,2,243302.6012,243302.6012,0,0,243302.6012,154340.3787,154340.3787,0,0,154340.3787,233658.9731,233658.9731,0,0,233658.9731
393,CSSSA017504,12,2017,1,2,64282.71607,64282.71607,0,0,64282.71607,40778.10386,40778.10386,0,0,40778.10386,61734.78355,61734.78355,0,0,61734.78355
394,CSSSA006403,12,2017,1,2,734659.6122,734659.6122,0,0,734659.6122,466035.4727,466035.4727,0,0,466035.4727,705540.3835,705540.3835,0,0,705540.3835
395,CSSSA002611,12,2017,1,2,183664.903,183664.903,0,0,183664.903,116508.8682,116508.8682,0,0,116508.8682,176385.0959,176385.0959,0,0,176385.0959
396,CSSSA007074,12,2017,1,2,183664.903,183664.903,0,0,183664.903,116508.8682,116508.8682,0,0,116508.8682,176385.0959,176385.0959,0,0,176385.0959
397,CSSSA018740,12,2017,1,2,128565.4321,128565.4321,0,0,128565.4321,81556.20772,81556.20772,0,0,81556.20772,123469.5671,123469.5671,0,0,123469.5671
398,CSSSA000453,12,2017,1,2,309204.2988,309204.2988,0,0,309204.2988,196145.4926,196145.4926,0,0,196145.4926,296948.5676,296948.5676,0,0,296948.5676
399,CSSSA017353,12,2017,1,2,642265.59,642265.59,0,0,642265.59,0,0,0,0,0,1221837.24,1221837.24,0,0,1221837.24
400,CSSSA017394,12,2017,1,2,671987.07,671987.07,0,0,671987.07,0,0,0,0,0,1278378.98,1278378.98,0,0,1278378.98
401,CSSSA017406,12,2017,1,2,170430.11,170430.11,0,0,170430.11,0,0,0,0,0,324223.9,324223.9,0,0,324223.9
402,JURISMOTO10,12,2017,1,2,260245.15,260245.15,0,0,260245.15,0,0,0,0,0,495086.8,495086.8,0,0,495086.8
403,CSSSA005773,12,2017,1,3,550994.7091,550994.7091,0,0,550994.7091,349526.6045,349526.6045,0,0,349526.6045,529155.2876,529155.2876,0,0,529155.2876
404,CSSSA018764,12,2017,1,3,459162.2576,459162.2576,0,0,459162.2576,291272.1704,291272.1704,0,0,291272.1704,440962.7397,440962.7397,0,0,440962.7397
405,CSSSA019481,12,2017,1,3,260536.5871,260536.5871,0,0,260536.5871,165272.8549,165272.8549,0,0,165272.8549,250209.8666,250209.8666,0,0,250209.8666
406,CSSSA018752,12,2017,1,3,55099.47091,55099.47091,0,0,55099.47091,34952.66045,34952.66045,0,0,34952.66045,52915.52876,52915.52876,0,0,52915.52876
407,CSSSA017726,12,2017,1,3,42092.4612,42092.4612,0,0,42092.4612,26701.5904,26701.5904,0,0,26701.5904,40424.06949,40424.06949,0,0,40424.06949
408,CSSSA018793,12,2017,1,3,25822.77011,25822.77011,0,0,25822.77011,16380.82,16380.82,0,0,16380.82,24799.24964,24799.24964,0,0,24799.24964
409,CSSSA004496,12,2017,1,3,20203.13934,20203.13934,0,0,20203.13934,12815.9755,12815.9755,0,0,12815.9755,19402.36055,19402.36055,0,0,19402.36055
410,CSSSA005510,12,2017,1,3,20203.13934,20203.13934,0,0,20203.13934,12815.9755,12815.9755,0,0,12815.9755,19402.36055,19402.36055,0,0,19402.36055
411,CSSSA019645,12,2017,1,3,178140.5421,178140.5421,0,0,178140.5421,113004.4586,113004.4586,0,0,113004.4586,171079.7004,171079.7004,0,0,171079.7004
412,CSSSA004945,12,2017,1,3,183664.903,183664.903,0,0,183664.903,116508.8682,116508.8682,0,0,116508.8682,176385.0959,176385.0959,0,0,176385.0959
413,CSSSAHGREFO,12,2017,1,3,183664.903,183664.903,0,0,183664.903,116508.8682,116508.8682,0,0,116508.8682,176385.0959,176385.0959,0,0,176385.0959
414,CSSSA019242,12,2017,1,3,35855.60904,35855.60904,0,0,35855.60904,22745.20802,22745.20802,0,0,22745.20802,34434.42341,34434.42341,0,0,34434.42341
415,CSSSA017521,12,2017,1,3,35855.60904,35855.60904,0,0,35855.60904,22745.20802,22745.20802,0,0,22745.20802,34434.42341,34434.42341,0,0,34434.42341
416,CSSSA004595,12,2017,1,3,275497.3546,275497.3546,0,0,275497.3546,174763.3023,174763.3023,0,0,174763.3023,264577.6438,264577.6438,0,0,264577.6438
417,CSSSA008264,12,2017,1,3,184900.8473,184900.8473,0,0,184900.8473,117292.8964,117292.8964,0,0,117292.8964,177572.0518,177572.0518,0,0,177572.0518
418,CSSSA006934,12,2017,1,3,64282.71607,64282.71607,0,0,64282.71607,40778.10386,40778.10386,0,0,40778.10386,61734.78355,61734.78355,0,0,61734.78355
419,CSSSA017731,12,2017,1,3,64282.71607,64282.71607,0,0,64282.71607,40778.10386,40778.10386,0,0,40778.10386,61734.78355,61734.78355,0,0,61734.78355
420,CSSSA017341,12,2017,1,3,833825.73,833825.73,0,0,833825.73,0,0,0,0,0,1586258.62,1586258.62,0,0,1586258.62
421,CSSSA017370,12,2017,1,3,484676.07,484676.07,0,0,484676.07,0,0,0,0,0,922041.11,922041.11,0,0,922041.11
422,CSSSA017382,12,2017,1,3,466085.31,466085.31,0,0,466085.31,0,0,0,0,0,886674.29,886674.29,0,0,886674.29
423,CSSSA017411,12,2017,1,3,452968.25,452968.25,0,0,452968.25,0,0,0,0,0,861720.58,861720.58,0,0,861720.58
